Diagnostics/NewCompletedTrajs,Diagnostics/StepsInTrajWindow,Diagnostics/Iteration,Diagnostics/CumTime (s),Diagnostics/CumSteps,Diagnostics/CumCompletedTrajs,Diagnostics/CumUpdates,Diagnostics/StepsPerSecond,Diagnostics/UpdatesPerSecond,Diagnostics/ReplayRatio,Diagnostics/CumReplayRatio,LengthAverage,LengthStd,LengthMedian,LengthMin,LengthMax,ReturnAverage,ReturnStd,ReturnMedian,ReturnMin,ReturnMax,NonzeroRewardsAverage,NonzeroRewardsStd,NonzeroRewardsMedian,NonzeroRewardsMin,NonzeroRewardsMax,DiscountedReturnAverage,DiscountedReturnStd,DiscountedReturnMedian,DiscountedReturnMin,DiscountedReturnMax,SuccessAverage,SuccessStd,SuccessMedian,SuccessMin,SuccessMax,InsertDepthAverage,InsertDepthStd,InsertDepthMedian,InsertDepthMin,InsertDepthMax,lossAverage,lossStd,lossMedian,lossMin,lossMax,gradNormAverage,gradNormStd,gradNormMedian,gradNormMin,gradNormMax,entropyAverage,entropyStd,entropyMedian,entropyMin,entropyMax,perplexityAverage,perplexityStd,perplexityMedian,perplexityMin,perplexityMax
184,1073,0,199.50151085853577,2048,184,320,nan,nan,10.0,10.0,10.73,4.064123521744879,12.0,4,22,-24.122402431964876,14.99446977934512,-30.148359537124634,-61.13654184341431,-1.7366065979003906,10.73,4.064123521744879,12.0,4,22,-22.816132888031106,13.88274031131379,-28.52786970348742,-58.12943661130156,-1.8173685984401704,0.44,0.49638694583963433,0.0,False,True,-0.008414887375720647,0.009838566580477525,-0.0009266247055561005,-0.019197592973293154,0.007386139655437468,70.94239102602005,22.933191666702356,66.74191665649414,34.291160583496094,194.1357421875,8363.738873291015,3120.236772858956,7578.353271484375,3230.6494140625,25965.625,1.2781209215521812,0.1315354721648306,1.2889708876609802,0.879851222038269,1.5452834367752075,4.501841963082552,0.5940628287249768,4.557189464569092,2.8855810165405273,5.793543815612793
192,1113,1,406.60064005851746,4096,376,640,9.888984120364814,1.5451537688070023,10.0,10.0,11.13,5.064888942513941,12.0,3,40,-24.668808992505074,14.519176758067225,-29.850002765655518,-85.03558027744293,0.3797426223754883,11.13,5.064888942513941,12.0,3,40,-23.24534029155459,13.014204197943505,-28.235155055964533,-70.76962110741586,0.30733755426406884,0.42,0.49355850717012273,0.0,False,True,-0.007399405704109645,0.01003258796983168,-0.0004145390424280665,-0.01914655534319948,0.007926100268789732,37.114526462554934,7.542658487968055,36.6601619720459,18.589153289794922,75.45335388183594,6068.288232421875,2078.114262614429,5640.564453125,2683.723388671875,15329.0791015625,1.3360974330455064,0.0838982984192967,1.3373944163322449,1.1059746742248535,1.5777603387832642,4.7360502317547795,0.40074753574002114,4.719640731811523,3.7840704917907715,6.11964225769043
191,1103,2,628.0058765411377,6144,567,960,9.250007057356852,1.4453136027120081,10.0,10.0,11.03,3.374774066511712,12.0,3,21,-25.051995027065278,11.936197650668205,-30.203038573265076,-50.06084847450256,0.23958635330200195,11.03,3.374774066511712,12.0,3,21,-23.721455054908304,10.969676795780115,-28.57465556752092,-45.321929193054316,0.16949853506088264,0.36,0.48,0.0,False,True,-0.006223132623183356,0.009858321162245783,-0.0002247801462381821,-0.019187448644246985,0.00690073023099308,35.490538543462755,7.530050313956792,34.1575870513916,21.4793758392334,81.0034408569336,5439.466893005371,1980.1900762433172,5013.734130859375,2203.047119140625,13761.8154296875,1.3006514821201562,0.09567426553189577,1.3011333346366882,1.051748275756836,1.5445525646209717,4.690212813019753,0.4532066117765177,4.689413785934448,3.4200515747070312,5.897616386413574
203,1013,3,833.885773897171,8192,770,1280,9.947547217095906,1.5543042526712352,10.0,10.0,10.13,3.4370190572645947,11.0,3,19,-21.783150185346603,12.611960809498626,-27.514014720916748,-58.160670042037964,0.21080994606018066,10.13,3.4370190572645947,11.0,3,19,-20.716913988289072,11.639981462615644,-26.157578658775588,-53.1074608454909,0.14096599454879755,0.48,0.49959983987187184,0.0,False,True,-0.008543553758922868,0.010264611422668981,-0.003483213594833834,-0.019145772318622134,0.009283456581812344,32.71003809571266,6.052013695596525,32.35761642456055,18.955720901489258,52.523048400878906,5379.168497085571,2053.386323948201,4923.78271484375,2026.8387451171875,14031.478515625,1.2519377656280994,0.08767231982288733,1.2499898076057434,1.0288379192352295,1.4617116451263428,4.433583745360375,0.3990445083734481,4.395520925521851,3.4212279319763184,5.47135066986084
203,973,4,1056.563674211502,10240,973,1600,9.19714078994392,1.4370532484287373,10.0,10.0,9.73,3.4636830109003918,11.0,3,17,-20.684343228936196,12.567284606875232,-27.6951801776886,-42.38195586204529,0.33646059036254883,9.73,3.4636830109003918,11.0,3,17,-19.693021913417475,11.680890566631891,-26.32709291423786,-39.09760162839142,0.2655412230014793,0.49,0.49989998999799945,0.0,False,True,-0.008751372665904613,0.010284780146737697,-0.007488205703210182,-0.019165822321698972,0.0061493927107766355,37.30781206488609,9.02433660314926,35.97995948791504,17.538806915283203,71.62769317626953,6012.66630783081,2239.552469990626,5508.1572265625,2447.98876953125,15356.734375,1.2062785554677249,0.08443397041962065,1.2073304057121277,0.9040900468826294,1.4553817510604858,4.178133156895638,0.37004286708371703,4.165877103805542,3.041316509246826,5.25446081161499
198,1018,5,1265.8324563503265,12288,1171,1920,9.786457297015282,1.5291339526586378,10.0,10.0,10.18,4.343685071457184,11.0,3,35,-22.302544179558755,13.985376702302707,-28.60161530971527,-76.94047141075134,0.15733933448791504,10.18,4.343685071457184,11.0,3,35,-21.11428371643241,12.754126941671023,-27.192944269566063,-65.12384238537737,0.08900160408019975,0.43,0.4950757517794625,0.0,False,True,-0.007363850027301884,0.010328564206806988,-0.0005252815234914054,-0.019134061216893178,0.008449967649658968,35.417287355661394,6.105451317938018,34.89332580566406,22.465295791625977,55.27143096923828,5674.436655426025,2013.6450429455895,5183.610107421875,2487.845703125,14530.349609375,1.3053610850125552,0.09668896827795719,1.2992876768112183,1.0191287994384766,1.5817575454711914,4.544088913500309,0.4343838882389607,4.533444881439209,3.4270787239074707,5.865906238555908
185,1104,6,1479.33096575737,14336,1356,2240,9.592572827266938,1.4988395042604592,10.0,10.0,11.04,2.8841636569376576,12.0,4,19,-25.090330458283425,11.011425830260809,-30.01698076725006,-47.23989677429199,-1.6766234636306763,11.04,2.8841636569376576,12.0,4,19,-23.799114755505926,10.14128186052814,-28.39160429778427,-43.66082029288177,-1.756959176828862,0.36,0.48000000000000004,0.0,False,True,-0.006048572775745283,0.009978688852773551,7.372260914709217e-05,-0.019133479989817098,0.005445086256413073,31.393953609466553,5.021043071941491,31.355632781982422,18.198062896728516,46.03507614135742,5675.390106201172,2155.9671774438516,5243.782958984375,2205.47998046875,16335.7587890625,1.3529253035783768,0.08657645417772702,1.3545978665351868,1.0929945707321167,1.5613250732421875,4.785059510916471,0.4113106895907644,4.788552761077881,3.7154273986816406,5.824379920959473
197,1056,7,1700.4522314071655,16384,1553,2560,9.261886205208114,1.4471697195637678,10.0,10.0,10.56,3.4476658770826387,12.0,3,19,-23.247255716323853,12.550511520971927,-28.476932257413864,-55.2602002620697,0.07631349563598633,10.56,3.4476658770826387,12.0,3,19,-22.05752189537439,11.566046376187181,-27.061697423210674,-50.64981049150849,0.010175045919418757,0.43,0.4950757517794625,0.0,False,True,-0.007680216215100646,0.010230797475592874,-0.00045933041321001566,-0.01979162510544219,0.0070292964457255025,34.1051083624363,6.80104024596446,33.528770446777344,17.508825302124023,55.08235549926758,5552.493851470947,1944.989082141369,5249.876953125,2456.51513671875,15459.7939453125,1.3899539034813642,0.09437265960252796,1.3888953924179077,1.0607426166534424,1.703576922416687,5.098136787116528,0.4832600124429079,5.063044548034668,3.5917420387268066,6.63602352142334
197,1035,8,1911.2585880756378,18432,1750,2880,9.71507706108131,1.5179807907939546,10.0,10.0,10.35,3.238440982942255,11.0,4,18,-22.19392925322056,11.722135408174955,-27.197012662887573,-46.17888593673706,-1.8134067058563232,10.35,3.238440982942255,11.0,4,18,-21.121662646266714,10.81796265290333,-25.860867789512202,-42.156572945855366,-1.8891930014572145,0.5,0.5,0.5,False,True,-0.00920108443473675,0.01002680322233108,-0.01568579741735647,-0.019146654859515222,0.00389104957349537,35.35481966137886,6.366476500883409,34.86425590515137,22.490819931030273,52.668983459472656,5405.3527557373045,1823.758627670781,5085.95361328125,2560.01171875,13362.189453125,1.2891735803335904,0.08138461280914956,1.2912623882293701,1.054335355758667,1.5020453929901123,4.5167524188756945,0.3901480353558385,4.503551006317139,3.4077508449554443,6.020193099975586
189,1084,9,2128.2195057868958,20480,1939,3200,9.43948809584949,1.4749200149764827,10.0,10.0,10.84,3.670749242320973,12.0,3,22,-25.714858833551407,13.629967367288351,-30.53710961341858,-51.38852119445801,0.48705005645751953,10.84,3.670749242320973,12.0,3,22,-24.335322299358864,12.592355452735584,-28.902553654016597,-48.32333207780199,0.4139590654373171,0.38,0.48538644398046393,0.0,False,True,-0.006333413783382622,0.010167009253137288,-3.434920199973934e-05,-0.01914816674991804,0.0065834689044245165,41.695322781801224,6.882609632308103,41.28514862060547,23.38481330871582,62.5283088684082,5930.047832489014,2031.237700612674,5580.524169921875,2443.060546875,14525.984375,1.3237164702266455,0.08607912943752831,1.3253833651542664,1.07871413230896,1.559829592704773,4.568567842245102,0.4029807805776936,4.581245183944702,3.524372100830078,5.840661525726318
197,1076,10,2354.448329925537,22528,2136,3520,9.052780996399072,1.414497030687355,10.0,10.0,10.76,3.2775600680994392,12.0,3,20,-25.66786860704422,12.785653247062884,-30.072723984718323,-54.16920232772827,0.13118648529052734,10.76,3.2775600680994392,12.0,3,20,-24.325565807825942,11.842220162770655,-28.453918405580794,-49.15402092721773,0.06290521516799874,0.34,0.4737087712930804,0.0,False,True,-0.005689122501737655,0.009865452206203117,-2.774022117095487e-05,-0.019210591042842146,0.005087986535946276,40.041612547636035,7.48654011897824,39.69121742248535,19.159648895263672,67.49585723876953,5832.3876083374025,1903.7447295109087,5434.83203125,2553.373046875,14589.7666015625,1.379521831125021,0.08601652739929808,1.3817497491836548,1.1376973390579224,1.6510353088378906,4.946946454793215,0.42879867978816344,4.891175031661987,3.749427080154419,6.440280914306641
195,975,11,2555.954511165619,24576,2331,3840,10.163459936546255,1.5880406150853525,10.0,10.0,9.75,3.9073648409126065,11.0,3,24,-20.389612532258035,13.790165160894942,-20.554348468780518,-70.69138288497925,0.33756232261657715,9.75,3.9073648409126065,11.0,3,24,-19.379366844703217,12.672398624777813,-19.842640632096714,-62.84034023907544,0.26596615524291956,0.54,0.49839743177508444,1.0,False,True,-0.009757372172074202,0.010185366339015378,-0.01903048518705805,-0.01917268909702856,0.005887260390462085,44.49178487658501,11.77556069345068,41.99917030334473,19.302478790283203,89.48472595214844,6679.414225769043,2574.241996740687,6076.464599609375,2873.526611328125,16782.8203125,1.3560324508696795,0.09300630026756998,1.350934386253357,1.128684401512146,1.700210452079773,4.892817994207144,0.46647112286437437,4.88615083694458,3.7792046070098877,6.462273120880127
190,1074,12,2780.109738111496,26624,2521,4160,9.136525736669507,1.4275821463546103,10.0,10.0,10.74,2.951677489157648,12.0,3,16,-24.49200188755989,11.647913696609276,-28.262827515602112,-49.67088508605957,0.4471421241760254,10.74,2.951677489157648,12.0,3,16,-23.262877328395785,10.748058102513857,-26.8668091253242,-45.83913814351542,0.37470600948333654,0.42,0.49355850717012273,0.0,False,True,-0.007393754280500744,0.010320352406820997,-0.00018414542993550054,-0.01918002415041925,0.005795625231827223,43.50808349847794,11.53788892795807,41.481590270996094,19.83216094970703,105.60906219482422,6433.465185546875,2277.144572550393,5931.031005859375,2932.435791015625,15166.9443359375,1.410368612781167,0.07765413169904584,1.413712501525879,1.211772084236145,1.627755880355835,5.001224595308304,0.360058673850699,4.993626356124878,4.079177379608154,6.048277378082275
203,1008,13,2995.932780265808,28672,2724,4480,9.489255547309414,1.482696179267096,10.0,10.0,10.08,3.0973537092169505,11.5,3,15,-23.428980990052224,12.975033005003985,-29.44913411140442,-51.417858362197876,0.17978811264038086,10.08,3.0973537092169505,11.5,3,15,-22.279235964136596,12.095308641149593,-27.866698004119073,-49.03631642957287,0.10942804942131001,0.4,0.48989794855663565,0.0,False,True,-0.006778551656568017,0.010102786983840581,-0.00017228547071995726,-0.019140604365916247,0.0059807644756602885,31.405732142925263,5.6613262785548315,30.499452590942383,17.621116638183594,49.74406051635742,5734.838855743408,2004.24159163773,5135.533935546875,2495.155029296875,12317.138671875,1.3451154589653016,0.09232396599859344,1.3490658402442932,1.1353074312210083,1.674049973487854,4.746644602715969,0.4188878020487592,4.729123830795288,3.737670660018921,6.142633438110352
205,1001,14,3211.0794320106506,30720,2929,4800,9.51908841430108,1.4873575647345438,10.0,10.0,10.01,3.656487385456157,11.0,3,21,-22.36044412791729,13.522915295343937,-27.920790791511536,-51.30597805976868,0.07484793663024902,10.01,3.656487385456157,11.0,3,21,-21.217000840542497,12.515606024585974,-26.553697808885588,-46.37744412505692,0.006937058734893142,0.42,0.49355850717012273,0.0,False,True,-0.007652117192895027,0.010142251139132667,-0.0002933575183293041,-0.019174771302951227,0.005599807722753952,36.88951037526131,7.177012568947083,36.33488464355469,19.40718650817871,61.04971694946289,5770.692211914063,2275.799742305796,5145.35888671875,2419.36376953125,16711.541015625,1.388909214735031,0.09108604125104654,1.3822842240333557,1.1702392101287842,1.6813691854476929,5.035744880884886,0.4672305521413297,4.9956135749816895,3.9085159301757812,6.6682634353637695
194,1066,15,3435.6242957115173,32768,3123,5120,9.120671772427166,1.4251049644417444,10.0,10.0,10.66,3.2348724858949236,11.5,3,21,-24.493045877218247,11.860613032313264,-29.138344049453735,-48.3047571182251,0.29157495498657227,10.66,3.2348724858949236,11.5,3,21,-23.23971461312203,10.958379681027209,-27.640959944669838,-43.71996222843343,0.22016952166557324,0.37,0.4828043081829324,0.0,False,True,-0.006396170975681947,0.009874016128160731,1.5408869927652225e-05,-0.020049914745647157,0.004776968961940908,34.06756345927715,6.903828263299585,33.73056221008301,15.427399635314941,59.31310272216797,6421.531462860107,2196.4097699040185,6065.11865234375,2925.87548828125,15632.7548828125,1.3440078105777502,0.08254729903991906,1.3502936363220215,1.1212174892425537,1.581809163093567,4.685493617504835,0.3846901913125813,4.672102212905884,3.6909122467041016,5.902614593505859
198,1006,16,3643.4801983833313,34816,3321,5440,9.852979750272526,1.5395280859800822,10.0,10.0,10.06,3.775764823184834,12.0,3,21,-22.163241229057313,13.373879653371972,-28.724508225917816,-54.26586604118347,0.28712010383605957,10.06,3.775764823184834,12.0,3,21,-21.022351947217143,12.379586556157372,-27.261833407605714,-48.852340976159134,0.21722828674316386,0.43,0.4950757517794625,0.0,False,True,-0.007643085881100596,0.010069409676966809,-0.0002730739690035844,-0.01914816136182733,0.004695432858575044,34.12500051856041,5.490793606475119,33.625980377197266,21.42499542236328,53.70773696899414,5961.757534790039,2261.366477388185,5564.1083984375,2440.52099609375,16586.701171875,1.3099405761808156,0.08319433801015945,1.3078375458717346,1.0324662923812866,1.609220027923584,4.501217047870159,0.3648595204540224,4.482999324798584,3.4515738487243652,6.0428547859191895
202,1020,17,3861.936436891556,36864,3523,5760,9.374875325077506,1.4648242695433602,10.0,10.0,10.2,3.5749125863438955,12.0,4,23,-22.16751468539238,12.5991048772675,-27.241459667682648,-63.29426693916321,-1.6929148435592651,10.2,3.5749125863438955,12.0,4,23,-21.072591572729163,11.596276262132205,-26.115004148945616,-56.59939151453502,-1.772633671649456,0.5,0.5,0.5,False,True,-0.00891827772743559,0.010301764897925012,-0.015146920148825724,-0.01918236739872678,0.005152030323156448,33.37855976819992,6.847816179202998,32.933061599731445,20.147539138793945,59.063472747802734,6019.656552886963,2027.9881969984312,5551.92578125,2561.189697265625,15711.16796875,1.2814403779804706,0.0834059480908678,1.279303789138794,1.032289743423462,1.4851090908050537,4.398335694521665,0.34410980014164,4.3649091720581055,3.494927406311035,5.425902366638184
128,945,18,4069.5281896591187,38912,3651,6080,9.865517163839897,1.5414870568499839,10.0,10.0,9.45,3.9201403036115936,10.0,3,23,-20.23596864104271,14.200911285550564,-17.488877177238464,-55.40642523765564,0.19965887069702148,9.45,3.9201403036115936,10.0,3,23,-19.22292539422401,13.078675036398778,-17.040792206273192,-50.58942348937006,0.13034618248939545,0.53,0.49909918853871116,1.0,False,True,-0.00976768299353829,0.010062988684546581,-0.019022052205838177,-0.02009147111475998,0.004171301629492863,38.23874401450157,7.9616674245156505,37.52901649475098,21.236480712890625,71.45237731933594,6581.723066711425,2385.3591688390743,6006.156005859375,2637.732666015625,15389.560546875,1.311319063603878,0.08103317527933536,1.3083348274230957,1.0738712549209595,1.5672056674957275,4.508596108108759,0.36792569898341004,4.482834577560425,3.5426225662231445,5.7122416496276855
280,1005,19,4285.441990613937,40960,3931,6400,9.485266763603297,1.4820729318130152,10.0,10.0,10.05,3.6506848672543626,12.0,3,19,-22.77924737513065,13.59407604729972,-29.5485417842865,-49.49674105644226,0.1690809726715088,10.05,3.6506848672543626,12.0,3,19,-21.612290284005386,12.602174772124414,-27.96555577855775,-45.41117013727107,0.10047682819366432,0.43,0.4950757517794625,0.0,False,True,-0.007889476917671428,0.010052456722765073,-0.0006171744015776026,-0.019155647309597332,0.00514523420931301,49.94930445551872,16.345158166975146,47.62455749511719,24.166711807250977,152.01930236816406,8097.440700531006,3146.079819499562,7390.761962890625,3114.12646484375,21646.4375,1.3421189658343793,0.08124488178272064,1.3405086994171143,1.0128529071807861,1.585534691810608,4.696394670754671,0.38141450205751765,4.682334661483765,3.289806365966797,5.744790077209473
205,959,20,4508.499495983124,43008,4136,6720,9.181488856921982,1.4346076338940597,10.0,10.0,9.59,3.5974852327702473,11.0,3,18,-20.72681666493416,13.077505987435213,-25.07619559764862,-43.510096073150635,0.3635842800140381,9.59,3.5974852327702473,11.0,3,18,-19.73352239253951,12.172160609395775,-24.011312796336266,-40.08300940499262,0.29218617920875456,0.51,0.4998999899979995,1.0,False,True,-0.009532387857236781,0.009966845504520731,-0.01901237140365885,-0.019151773107196568,0.00608060706530586,36.60610415935516,6.474805030982058,36.55459213256836,21.159360885620117,69.45707702636719,6885.788906097412,2533.9946924410656,6370.69580078125,2801.95458984375,17456.443359375,1.312039501965046,0.07653656793002336,1.3080096244812012,1.0835322141647339,1.5655282735824585,4.509440895169973,0.3485031262640286,4.467841386795044,3.6616435050964355,5.636056423187256
201,1060,21,4715.078671455383,45056,4337,7040,9.913874403448839,1.5490428755388812,10.0,10.0,10.6,3.6138621999185303,12.0,4,24,-23.890578778982164,13.04549313639945,-30.04591965675354,-48.726160764694214,-0.6460299491882324,10.6,3.6138621999185303,12.0,4,24,-22.633544463595367,12.032421353840554,-28.42045270080701,-44.18819840019906,-0.74513319560194,0.41,0.49183330509431744,0.0,False,True,-0.0070415481187048904,0.010144387776600846,-0.00021486468331097242,-0.020440375375409076,0.005346827035607599,40.46754557490349,9.647054740038662,38.68938636779785,19.590694427490234,82.24354553222656,7004.726374053955,2848.1125278868517,6316.358642578125,3068.043701171875,21607.78515625,1.227914185076952,0.08034530777880118,1.2304800748825073,0.9835895299911499,1.4355155229568481,4.159296100586653,0.35223093850753046,4.14716649055481,3.2449445724487305,5.0577874183654785
202,982,22,4939.397166252136,47104,4539,7360,9.129875812761764,1.4265430957440255,10.0,10.0,9.82,3.4651984070179878,11.0,3,20,-21.42173583805561,13.087514748468966,-27.986050605773926,-60.037353515625,0.20909500122070312,9.82,3.4651984070179878,11.0,3,20,-20.367997743912664,12.12183454088157,-26.60629106457843,-54.40667433440682,0.14007739429473887,0.48,0.4995998398718718,0.0,False,True,-0.008745752299748654,0.010134139879864062,-0.0043932996233334715,-0.01914087321401145,0.005516465315839436,35.03286395072937,7.738363376014929,33.70918846130371,18.95475196838379,65.2968978881836,5746.39461517334,2014.72938245283,5311.640380859375,1921.146728515625,13249.5546875,1.2662202514708043,0.0828328520363433,1.2618248462677002,1.0696245431900024,1.4743198156356812,4.384526515752077,0.36698919973084293,4.3656394481658936,3.5172343254089355,5.54801082611084
193,993,23,5152.9850833415985,49152,4732,7680,9.588557386147391,1.4982120915855297,10.0,10.0,9.93,3.1662438314191785,11.0,4,16,-21.628649007081986,11.94435033471949,-27.709295868873596,-40.61986470222473,-1.9522850513458252,9.93,3.1662438314191785,11.0,4,16,-20.606351184749283,11.088210828248314,-26.349012138086287,-38.106383350090766,-2.0259568538331996,0.47,0.49909918853871116,0.0,False,True,-0.008605667641291845,0.010060628510133639,-0.0006957180490992088,-0.01915003661879086,0.005255419180304838,37.35570542812347,8.30953257760905,36.26881408691406,17.61712074279785,63.309326171875,6222.959975433349,2362.662153841794,5699.39306640625,2170.598876953125,13583.13671875,1.2556060042232275,0.07636708866489243,1.2523595690727234,1.061807632446289,1.4528372287750244,4.278712874650955,0.33874782491128236,4.247821092605591,3.4982852935791016,5.263382434844971
128,982,24,5367.130656480789,51200,4860,8000,9.563587843437874,1.4943106005371678,10.0,10.0,9.82,4.1746377088317494,11.0,3,20,-20.48352434158325,14.255860111294353,-23.49700701236725,-47.63112735748291,0.2806050777435303,9.82,4.1746377088317494,11.0,3,20,-19.43037200328822,13.200245373518166,-22.569045777530306,-43.36873394445954,0.2087099085807802,0.56,0.4963869458396343,1.0,False,True,-0.010147407128355792,0.010107679167842245,-0.019026229222858543,-0.019147006801172595,0.005743777179035431,41.478989112377164,9.642832546069025,39.719913482666016,21.3489933013916,75.2649917602539,6757.051309967041,2696.694467733981,6084.576416015625,2468.5302734375,24276.80859375,1.2007219450548292,0.08535576800976391,1.190990149974823,0.9932753443717957,1.508102297782898,4.083209363371134,0.35903009232402555,4.070730924606323,3.2683591842651367,5.240109920501709
227,998,25,5586.532307386398,53248,5087,8320,9.33447853079779,1.4585122704371547,10.0,10.0,9.98,3.5354773369376873,11.0,3,17,-21.334950172901152,13.078609841979773,-27.498863339424133,-46.73770332336426,0.2260420322418213,9.98,3.5354773369376873,11.0,3,17,-20.27785888521211,12.096016996178664,-26.146728989227405,-43.08768040952373,0.15690476474761983,0.48,0.4995998398718718,0.0,False,True,-0.008729922909084555,0.010279856854219322,-0.007666905108240307,-0.01913270323233618,0.005477837006355485,33.77304257750511,7.084594998243173,33.27707862854004,17.071001052856445,57.55707550048828,6138.780239868164,2230.339790321351,5636.9501953125,2679.3291015625,14697.1103515625,1.262865948677063,0.0718411184803635,1.2641099691390991,1.088291883468628,1.463888168334961,4.3026950307190415,0.31656464367423404,4.323298931121826,3.5126430988311768,5.099234104156494
261,994,26,5793.9666867256165,55296,5348,8640,9.87300179711724,1.5426565307995688,10.0,10.0,9.94,3.657376108633073,12.0,3,20,-21.864183111786843,13.597671610033004,-29.203101992607117,-47.01537489891052,0.43250107765197754,9.94,3.657376108633073,12.0,3,20,-20.758734314118673,12.621323733213421,-27.64296523007619,-42.84870727638337,0.361018404912949,0.45,0.49749371855331004,0.0,False,True,-0.008185708542123495,0.01028432913366981,-0.0009500728125347718,-0.019165776913249166,0.005938707418331579,41.815179044008254,13.358082687721145,38.10380172729492,20.09505271911621,95.26527404785156,6501.036190795899,2390.6986173596856,6003.372314453125,2252.45458984375,16531.19140625,1.1876965945586562,0.07621307279815483,1.1840534806251526,0.9568656086921692,1.3955003023147583,3.9472870729863643,0.31608064407129566,3.931886672973633,3.115443468093872,4.8735785484313965
212,955,27,6018.407392501831,57344,5560,8960,9.124904472729739,1.4257663238640217,10.0,10.0,9.55,3.1284980421921316,11.0,3,14,-20.26092935860157,12.038347174489624,-21.760467559099197,-44.31179237365723,0.16181468963623047,9.55,3.1284980421921316,11.0,3,14,-19.34323779193577,11.196825648304664,-21.019763173510672,-41.08294965431922,0.09374642186164905,0.53,0.49909918853871116,1.0,False,True,-0.009562511112966146,0.010283093598369462,-0.01901916860535252,-0.019914016227539882,0.005230193998887495,30.443681132793426,5.9597071390393745,30.14024543762207,14.359025955200195,50.528926849365234,5714.228147888183,2027.2742569450736,5179.191650390625,2515.623046875,14626.8984375,1.2135244032368064,0.08165505703136293,1.21087247133255,0.9874891638755798,1.48796808719635,4.095456433296204,0.33636890518168433,4.078916788101196,3.317030429840088,5.154722690582275
204,955,28,6230.387239933014,59392,5764,9280,9.66129575437525,1.5095774616211326,10.0,10.0,9.55,4.21515124283815,10.0,3,21,-19.73764355123043,14.447684195993249,-15.351360976696014,-49.29869103431702,0.25719785690307617,9.55,4.21515124283815,10.0,3,21,-18.723507287859366,13.328741181375618,-15.020720388103333,-45.61929790047027,0.18711920232772794,0.55,0.49749371855331,1.0,False,True,-0.009779444432520566,0.010441580971576487,-0.019020829820229457,-0.019192874051585512,0.005635149305097287,35.116113632917404,6.288337414345221,35.096872329711914,15.719789505004883,51.029693603515625,6179.3123031616215,2120.2467436164325,5910.523681640625,2599.15625,15648.1884765625,1.1523862903937698,0.08029466926158299,1.1517340540885925,0.9406598806381226,1.4049919843673706,3.7872952833771705,0.31019392859020073,3.7856051921844482,3.0046074390411377,4.664058685302734
128,985,29,6411.346480607986,61440,5892,9600,11.31746570311094,1.7683540161110844,10.0,10.0,9.85,5.196874060432867,10.5,3,45,-20.423014467954637,15.547190719887176,-16.897482991218567,-98.62408125400543,0.2413034439086914,9.85,5.196874060432867,10.5,3,45,-19.30305657247305,13.823686115518884,-16.4677444418709,-80.25528446649066,0.1720545666694644,0.56,0.4963869458396343,1.0,False,True,-0.010478906533230992,0.009912946269964676,-0.019026240937752306,-0.019193778072531753,0.0053612392996331415,93.84145127534866,37.17197777910827,83.48841857910156,38.3262825012207,243.50381469726562,11882.322135925293,4843.792548013943,10971.55517578125,4267.83642578125,34197.12890625,1.176423910073936,0.07687200855561105,1.1719875931739807,0.9853106737136841,1.421372413635254,3.8806292563676834,0.3119391142212925,3.8649704456329346,3.0998375415802,4.8996100425720215
280,923,30,6627.657479047775,63488,6172,9920,9.46784959975149,1.4793514999611705,10.0,10.0,9.23,3.45790398941324,9.0,3,19,-18.41742697775364,12.54051649187471,-14.725998103618622,-45.21017575263977,0.32241153717041016,9.23,3.45790398941324,9.0,3,19,-17.598209018757483,11.602468189614834,-14.430641881670176,-41.417727997254254,0.2512680918693535,0.63,0.4828043081829324,1.0,False,True,-0.011481889848238098,0.010031830066609524,-0.01903686409773994,-0.01916524769599584,0.005785390778166449,36.42041300535202,9.70958436966929,34.838544845581055,18.965436935424805,75.13555145263672,7202.998181915284,2696.5343352776595,6429.98095703125,3044.045166015625,16061.7607421875,1.1763740181922913,0.07278521087115315,1.1773257851600647,0.9836143255233765,1.4079251289367676,3.8504590347409247,0.2856442060849641,3.8500183820724487,3.1165266036987305,4.739655494689941
224,885,31,6829.955624341965,65536,6396,10240,10.123671658095148,1.5818236965773669,10.0,10.0,8.85,3.5563323804166567,9.0,3,17,-17.085889661312102,12.757598745992352,-12.60771358013153,-45.92022204399109,0.39801502227783203,8.85,3.5563323804166567,9.0,3,17,-16.358727514308473,11.879814313734766,-12.409933929065843,-42.982711259906985,0.32617157249450646,0.67,0.47021271782034985,1.0,False,True,-0.013237374323177014,0.009100488130089512,-0.01904633832059565,-0.0191596229139617,0.005467012032354612,26.544972786307333,5.742269334144934,25.881759643554688,12.43761157989502,51.66672134399414,5579.339456176758,2063.0161219453776,5157.51171875,2074.86376953125,16273.134765625,1.147712736390531,0.07085963317136136,1.1501850485801697,0.9141016006469727,1.328637719154358,3.730081245303154,0.278960402305544,3.7271788120269775,2.91326642036438,4.526282787322998
212,966,32,7041.065984964371,67584,6608,10560,9.701087118424624,1.5157948622538475,10.0,10.0,9.66,3.586697645467206,10.0,3,21,-19.735066608190536,12.342350493463783,-17.680743515491486,-49.13521456718445,0.12859439849853516,9.66,3.586697645467206,10.0,3,21,-18.82507985172924,11.414726136263438,-17.189220858066157,-44.67466135124267,0.061804699373245064,0.61,0.4877499359302879,1.0,False,True,-0.011160385589197266,0.009980820210373253,-0.01904014311109166,-0.01995833343888251,0.005752195823858497,36.448749732971194,9.247613925363304,35.50700378417969,17.656442642211914,70.61760711669922,6219.31661453247,2337.651568585447,5776.9970703125,2828.197021484375,15473.087890625,1.0985146552324294,0.0726050387794321,1.096713662147522,0.8927689790725708,1.3032325506210327,3.5522984720766546,0.2743465270516291,3.5483533143997192,3.007056713104248,4.458277702331543
218,939,33,7233.256514549255,69632,6826,10880,10.656092183228317,1.6650144036294245,10.0,10.0,9.39,3.890745429863023,10.0,3,19,-18.302932922840117,12.739015977419228,-16.77035617828369,-45.45998692512512,0.40300726890563965,9.39,3.890745429863023,10.0,3,19,-17.484519247768272,11.841608886140568,-16.353301735873863,-41.49803582231013,0.330117258501053,0.65,0.4769696007084728,1.0,False,True,-0.011987606202036469,0.00981357799765996,-0.01904153739182716,-0.020242572096125427,0.004772412716037178,30.572470435500144,6.271611745782363,30.130739212036133,13.254054069519043,51.49541473388672,6205.340926361084,2576.025278603113,5587.990478515625,2680.510498046875,19713.970703125,1.0863657157868147,0.06709159370610401,1.0904591083526611,0.910683274269104,1.3006856441497803,3.484234955906868,0.24030820584024518,3.47939133644104,2.8493800163269043,4.289290428161621
223,923,34,7447.355976343155,71680,7049,11200,9.565647586594517,1.4946324354053933,10.0,10.0,9.23,3.81013123133574,9.0,4,20,-18.692604401111602,14.007694911780298,-13.512567639350891,-69.12619805335999,-1.6553149223327637,9.23,3.81013123133574,9.0,4,20,-17.80283775567907,12.890106391721247,-13.304416681556447,-62.09836504878055,-1.7332592359962469,0.62,0.48538644398046393,1.0,False,True,-0.01123385979177481,0.010126190835461905,-0.01904229143179724,-0.019211187821095987,0.005033590346471939,44.417973732948305,13.143939876360898,41.62120056152344,18.678203582763672,90.58749389648438,6987.515430450439,2518.6383467548853,6418.9794921875,2617.9462890625,17683.03515625,1.0900907704606653,0.0681918414963551,1.0916748642921448,0.8534282445907593,1.2901265621185303,3.507114201784134,0.25931173227136617,3.503959059715271,2.752821207046509,4.305286884307861
128,982,35,7649.276525259018,73728,7177,11520,10.142603172366414,1.5847817456822522,10.0,10.0,9.82,3.8971271470148365,11.0,4,25,-20.168054977655412,13.45253940524031,-20.903324842453003,-56.57013463973999,-1.758223533630371,9.82,3.8971271470148365,11.0,4,25,-19.183348246871297,12.398404966438882,-20.214193024551264,-50.39631362187697,-1.834442587863446,0.6,0.4898979485566356,1.0,False,True,-0.010876595891842979,0.010086518920727266,-0.019031307470741166,-0.019151807199258297,0.004489561709752787,31.552004396915436,7.211025056386002,29.930118560791016,17.067432403564453,60.03055953979492,6028.359480285644,1995.3459778480194,5675.351318359375,2888.3154296875,13792.357421875,1.100409545376897,0.07456037829130133,1.108884036540985,0.8880370855331421,1.2956798076629639,3.5552125215530395,0.27834952683555975,3.553025960922241,2.7339725494384766,4.298696041107178
128,936,36,7849.827622890472,75776,7305,11840,10.211861337022128,1.5956033339097075,10.0,10.0,9.36,3.448245930904581,9.5,3,17,-18.534633142352103,12.407163072644591,-15.019515812397003,-46.9962203502655,0.360210657119751,9.36,3.448245930904581,9.5,3,17,-17.72046959946111,11.489567572259995,-14.727683555216382,-43.5718075237898,0.2896552032470696,0.64,0.48,1.0,False,True,-0.011900458498935097,0.00970101470788584,-0.019039084634774855,-0.019339789243604272,0.0046301284872154735,37.5874823153019,9.857869961911614,37.185590744018555,18.23943519592285,72.72864532470703,6692.63175201416,2566.293148714308,6122.1748046875,2386.46533203125,17068.1015625,1.0948411053046585,0.06997243537575122,1.0920235514640808,0.877504825592041,1.3391615152359009,3.5074975304305553,0.24914282816422872,3.493646264076233,2.759658098220825,4.383331775665283
397,933,37,8061.356243848801,77824,7702,12160,9.681904939017505,1.5127976467214852,10.0,10.0,9.33,4.054762631770201,9.0,3,23,-17.831543906331063,13.76285172056007,-12.63025763630867,-58.80093717575073,0.39206600189208984,9.33,4.054762631770201,9.0,3,23,-17.00427517022506,12.61382875236934,-12.47135902327829,-52.55641042241708,0.3205276803016668,0.71,0.4537620521815371,1.0,False,True,-0.012924485531857384,0.009651481301247641,-0.019042402954179166,-0.019186762535284313,0.004887360815879455,33.348466384410855,9.512127456678208,32.276418685913086,10.209388732910156,70.76811218261719,6340.656056976319,2397.9014107914236,5829.095703125,2877.52099609375,15188.8916015625,0.9782382100820541,0.07101038376054067,0.9744762778282166,0.7168151140213013,1.1997908353805542,3.0978172972798346,0.22958789237580815,3.0907071828842163,2.2907238006591797,3.8648905754089355
232,823,38,8268.3623919487,79872,7934,12480,9.893425962458148,1.5458478066340855,10.0,10.0,8.23,3.6300275481048354,7.0,3,19,-14.97561713218689,13.150767655137258,-9.59543228149414,-56.377280950546265,0.4271883964538574,8.23,3.6300275481048354,7.0,3,19,-14.366279869452926,12.199697674297997,-9.508882984523542,-52.28389039369423,0.3547985782623293,0.76,0.4270831300812525,1.0,False,True,-0.014381874153249853,0.008470649838832422,-0.019054922914657754,-0.019173629345108634,0.004758473527590179,61.610478633642195,26.484088143551222,55.2579460144043,15.749160766601562,199.60960388183594,8810.036401367188,4031.7235056383593,7973.9072265625,3028.490234375,32999.3359375,0.9831766294315457,0.07089068715475723,0.9800972044467926,0.7832443118095398,1.1777435541152954,3.117794544249773,0.22929558394005564,3.110249876976013,2.442171812057495,3.804642915725708
231,854,39,8466.979789733887,81920,8165,12800,10.311282006700138,1.6111378135468963,10.0,10.0,8.54,3.6699318794767835,8.0,3,24,-15.345975276827811,12.617924753241065,-10.50452584028244,-56.88145208358765,0.020548343658447266,8.54,3.6699318794767835,8.0,3,24,-14.714871227262504,11.638828302271342,-10.403243366204196,-50.600017822113614,-0.04517413501739487,0.75,0.4330127018922193,1.0,False,True,-0.0145099737854206,0.008562676846529603,-0.019043831000762602,-0.020100712186996383,0.0050824236991311444,35.440666103363036,10.925831072496727,34.03753471374512,15.209512710571289,78.14476013183594,6810.265747833252,2615.014147318857,6275.295654296875,2545.243408203125,17432.24609375,0.9776063445955515,0.06979045906872051,0.9764955937862396,0.7858500480651855,1.1872552633285522,3.0699107952415945,0.22384622184136524,3.068328619003296,2.4554691314697266,3.7554385662078857
244,837,40,8664.873048782349,83968,8409,13120,10.349013452239255,1.6170333519123836,10.0,10.0,8.37,3.2454737712697668,7.0,3,17,-15.069115828275681,11.789196586035448,-10.124285101890564,-42.92993080615997,0.30786585807800293,8.37,3.2454737712697668,7.0,3,17,-14.504104458357455,10.931635511182856,-10.033461424654913,-40.091611771670856,0.23641732273101823,0.76,0.4270831300812525,1.0,False,True,-0.014007639554560686,0.009136306805560697,-0.01904656825011368,-0.019167831421416273,0.0055639864562637975,27.286719757318497,7.083265420574125,26.624260902404785,8.762569427490234,51.583152770996094,5308.921155166626,2168.4863356439064,4922.885498046875,1962.6358642578125,19870.51171875,0.9349050600081682,0.06416911636777477,0.9322057962417603,0.7784507274627686,1.1216468811035156,2.916876056790352,0.18868747950202563,2.9077770709991455,2.474440097808838,3.4613749980926514
236,835,41,8859.962164640427,86016,8645,13440,10.497766577044022,1.6402760276631283,10.0,10.0,8.35,4.082584965435502,7.0,3,29,-13.671079129576682,11.568578451160844,-9.747360348701477,-53.63550543785095,0.1904001235961914,8.35,4.082584965435502,7.0,3,29,-13.164111630033167,10.682301989731979,-9.681322082078951,-47.66869248364452,0.12099785299301136,0.83,0.375632799419859,1.0,False,True,-0.016091377546963142,0.006923847774540176,-0.01905423669127706,-0.019927406947132395,0.0026270130866319907,24.147400584816932,6.884672427061007,23.7436580657959,9.712980270385742,55.798858642578125,5259.781842803955,2113.1817345662657,4782.209228515625,1867.42333984375,16750.1015625,0.9795128347352147,0.061807944135270326,0.9815557599067688,0.7741000056266785,1.1352853775024414,3.0442423306405546,0.19567343892659625,3.0401556491851807,2.4493002891540527,3.5344741344451904
128,873,42,9063.424894571304,88064,8773,13760,10.065725554236721,1.5727696178494877,10.0,10.0,8.73,4.34707947937463,7.0,3,27,-15.050826956033706,12.893912247766128,-9.481734871864319,-66.24244165420532,0.08556652069091797,8.73,4.34707947937463,7.0,3,27,-14.411855157907821,11.738779628222641,-9.404293261382103,-58.00402743924528,0.019445772981643294,0.82,0.38418745424597095,1.0,False,True,-0.015535598839697453,0.0075826446322457995,-0.019045588336203387,-0.020379199682410115,0.003169444930746057,29.081563326716424,8.221577537801585,27.7360897064209,13.065664291381836,57.34746551513672,5410.767350769043,1936.9095359069943,4865.56103515625,2466.018798828125,12159.142578125,0.952190881036222,0.0667435100257172,0.9533179700374603,0.7428426146507263,1.1829633712768555,2.948069506883621,0.20674518677589848,2.9424469470977783,2.437171697616577,3.5569868087768555
348,825,43,9249.304884195328,90112,9121,14080,11.017861600608315,1.7215408750950494,10.0,10.0,8.25,3.650684867254362,7.0,3,25,-13.527029680609703,10.758748761680623,-9.741005301475525,-48.20518374443054,0.24208617210388184,8.25,3.650684867254362,7.0,3,25,-13.062951972447186,9.985542921160304,-9.664164446367497,-43.73840584130463,0.1729652407169331,0.87,0.33630343441600474,1.0,False,True,-0.016548512645056725,0.006600661427444675,-0.019057499623731884,-0.019746614873863727,0.005057352686374861,34.043037953972814,10.547815713786944,32.50046920776367,13.005332946777344,83.35310363769531,6514.199968719482,2497.7417240216637,5951.283447265625,2758.695556640625,20811.625,0.9558841587975622,0.06130746624025303,0.9544832706451416,0.8074847459793091,1.115036964416504,2.9449459441006183,0.19130720250377553,2.9357458353042603,2.5376811027526855,3.412655830383301
239,838,44,9454.640417337418,92160,9360,14400,9.973919119896347,1.5584248624838042,10.0,10.0,8.38,3.6980535420677723,8.0,3,24,-14.184608010649681,11.532402033600365,-10.228497087955475,-46.36483860015869,0.21990084648132324,8.38,3.6980535420677723,8.0,3,24,-13.670193609204336,10.693649133289204,-10.14634735933635,-42.37407590845995,0.15119231977462722,0.86,0.34698703145794946,1.0,False,True,-0.016441807071518405,0.006633830743287748,-0.01905260373749803,-0.019164158741694137,0.0038053651710737713,29.10070896446705,8.96333210613995,27.881312370300293,12.830375671386719,72.87359619140625,5999.0945693969725,2390.8781247553407,5394.11962890625,2210.909912109375,20123.6171875,0.9570121621713042,0.06355648235653119,0.9583188593387604,0.7728075385093689,1.1417560577392578,2.932060158252716,0.1964404443129777,2.943658709526062,2.366715431213379,3.577592372894287
241,857,45,9643.241061210632,94208,9601,14720,10.858923691568899,1.6967068268076404,10.0,10.0,8.57,3.539081801823744,8.0,3,24,-15.067204937338829,11.918506674128166,-11.233976304531097,-55.56904482841492,0.15503382682800293,8.57,3.539081801823744,8.0,3,24,-14.502741823894103,10.997647001679102,-11.112675480173394,-49.773310893632896,0.08651217989921633,0.81,0.3923009049186606,1.0,False,True,-0.015486260761341998,0.007704271515998887,-0.019052967026078005,-0.020318717296045924,0.004765801404542497,34.87208388745785,11.344639640475902,33.89021301269531,13.612863540649414,96.04669952392578,6039.950399780273,2336.1274928518455,5700.6064453125,2330.4541015625,18116.91015625,0.9223223481327295,0.060818199206934674,0.9196900427341461,0.7553438544273376,1.1136480569839478,2.8363526806235315,0.180038991579259,2.8324942588806152,2.32582950592041,3.36081862449646
242,852,46,9852.845308303833,96256,9843,15040,9.770794382278691,1.5266866222310456,10.0,10.0,8.52,3.46837137573242,7.5,3,19,-14.467159098386764,10.870546619210886,-10.43407815694809,-41.62620174884796,0.2533602714538574,8.52,3.46837137573242,7.5,3,19,-13.96960916667893,10.14613701797946,-10.33189455885821,-38.87947073426718,0.18395128812789885,0.86,0.34698703145794946,1.0,False,True,-0.016635651882570088,0.0063683706271491355,-0.019048838337726144,-0.019143960672880336,0.0035016688196581325,24.784656837582588,7.077422112520405,24.503089904785156,10.775211334228516,46.7414436340332,4681.680153274536,1772.2533079030143,4307.81640625,1958.1883544921875,11952.681640625,0.9166631007567048,0.05944368347558061,0.9138329029083252,0.7512462139129639,1.0818002223968506,2.822685380280018,0.17313866868688962,2.8187146186828613,2.395871877670288,3.3160979747772217
128,803,47,10048.344588279724,98304,9971,15360,10.4757419068375,1.6368346729433596,10.0,10.0,8.03,4.815506203920829,7.0,3,47,-12.520670756101609,11.806427139243743,-9.386697947978973,-90.89855289459229,0.24618840217590332,8.03,4.815506203920829,7.0,3,47,-12.060668609210143,10.336772751039215,-9.31397498883624,-74.45303417443164,0.17589420657157895,0.91,0.2861817604250837,1.0,False,True,-0.01747480894329934,0.005365960209194658,-0.019072510417281946,-0.020526175718189793,0.004703526132594699,31.109640246629716,13.96487018451371,27.359073638916016,9.364326477050781,77.47126007080078,4910.398834991455,2001.5706398239029,4295.683837890625,1850.813720703125,11146.70703125,0.8684590626507998,0.05756961288248309,0.8704779148101807,0.70041424036026,1.0387932062149048,2.67987199947238,0.16528727818498856,2.678207278251648,2.2393994331359863,3.2355635166168213
367,859,48,10235.283853054047,100352,10338,15680,10.955429842266652,1.7117859128541644,10.0,10.0,8.59,4.9032540215656795,8.0,3,45,-14.152179417610169,12.970484495982973,-11.192383885383606,-98.00919938087463,0.4787712097167969,8.59,4.9032540215656795,8.0,3,45,-13.567560797508635,11.301209565584978,-11.092656655258889,-79.66115980924351,0.40599944553375256,0.88,0.3249615361854384,1.0,False,True,-0.016651270957526495,0.006568397864503372,-0.019055447654133265,-0.01918539511931236,0.004155547798233267,38.51682484447956,16.43600412900381,35.260236740112305,11.369266510009766,96.50828552246094,5466.915884399414,2110.9428446148136,4968.52294921875,1695.708251953125,15574.0322265625,0.9189747901633382,0.06370586258188228,0.9175398945808411,0.701253354549408,1.093723177909851,2.8223872438073156,0.18856925087070883,2.8164029121398926,2.271646738052368,3.335784435272217
252,781,49,10437.748448371887,102400,10590,16000,10.115348793624543,1.5805232490038348,10.0,10.0,7.81,3.460332353979889,7.0,3,19,-12.44446636557579,10.447147035324159,-9.569271922111511,-41.79560923576355,0.42384982109069824,7.81,3.460332353979889,7.0,3,19,-12.053089197792211,9.726177359333912,-9.490578142737988,-38.766074798526844,0.3509168944835661,0.89,0.31288975694324034,1.0,False,True,-0.017058488600493603,0.006026930352744964,-0.019060508191244094,-0.0204444269270411,0.002912604151480147,40.34824414849281,11.591145128713256,39.84537696838379,15.676661491394043,82.90097045898438,5912.994069671631,2378.23848088462,5238.610107421875,2344.393310546875,16257.2783203125,0.9298514550551772,0.0691117280992545,0.9266661107540131,0.7340067028999329,1.1389914751052856,2.87170690074563,0.2008936337390466,2.860496401786804,2.294956922531128,3.515108108520508
254,831,50,10607.345215082169,104448,10844,16320,12.075701911809178,1.8868284237201842,10.0,10.0,8.31,5.712608861107157,8.0,3,50,-13.774333661198616,15.58166664532688,-10.895928382873535,-112.51931476593018,0.41124653816223145,8.31,5.712608861107157,8.0,3,50,-13.093337519814028,13.292360656808968,-10.807587586392547,-89.37102920655437,0.339702333068848,0.88,0.32496153618543844,1.0,False,True,-0.016860782690164985,0.006281075536053102,-0.019054752361352033,-0.01928755600266313,0.0036436011116954825,45.779797796905044,23.781011161525758,40.334890365600586,7.7633891105651855,148.9276885986328,6506.625164794922,2623.304404865008,5692.257568359375,2292.06005859375,14620.3798828125,0.8843503877520561,0.05976368184388016,0.8841371238231659,0.7302907705307007,1.0813579559326172,2.7185895308852195,0.16131942540778416,2.71476411819458,2.3329789638519287,3.1921496391296387
273,754,51,10813.658507585526,106496,11117,16640,9.926650751146715,1.5510391798666743,10.0,10.0,7.54,2.721837614553815,7.0,3,16,-11.480819845199585,8.373812910205617,-9.388940811157227,-43.38115382194519,0.33010053634643555,7.54,2.721837614553815,7.0,3,16,-11.210862142481217,7.875581322452753,-9.330470798936384,-40.62268986353181,0.2585531830310819,0.93,0.2551470164434615,1.0,False,True,-0.01790599780004232,0.004634616451082877,-0.019073894854101353,-0.01992085323920062,0.003907491859721057,27.436158734560014,16.00322026491041,21.247211456298828,5.657436370849609,92.14371490478516,5025.641753387451,2272.40027741761,4489.301513671875,1826.08642578125,13484.017578125,0.8360255442559719,0.06124163600292238,0.8381858170032501,0.6836725473403931,1.0308561325073242,2.583265928924084,0.1678472564660482,2.575097441673279,2.165646553039551,3.0833935737609863
206,751,52,11007.46226477623,108544,11323,16960,10.567390589774545,1.6511547796522728,10.0,10.0,7.51,3.1128604208990804,6.5,3,20,-11.630742037296296,9.886434316623962,-8.042738497257233,-47.34106206893921,0.0640411376953125,7.51,3.1128604208990804,6.5,3,20,-11.291865708350981,9.159950758321491,-8.015472253363207,-43.46647469067928,-0.003611660099029912,0.88,0.3249615361854384,1.0,False,True,-0.017269740111688654,0.005282486803751277,-0.019067558115077016,-0.019662068445383152,0.0017778504596275835,27.572369542717933,10.247857036091272,26.00679874420166,6.818070411682129,79.70687103271484,4468.748990249634,1781.2729459784268,3977.8629150390625,1605.1273193359375,12977.3408203125,0.860656032897532,0.05799622018613229,0.8574150800704956,0.703760027885437,1.0696784257888794,2.639813742041588,0.15638198522293575,2.628260374069214,2.2379794120788574,3.264559745788574
321,808,53,11201.31972193718,110592,11644,17280,10.564463343288635,1.6506973973888492,10.0,10.0,8.08,3.8280020898635883,7.0,4,33,-12.462141884565353,10.900473590315492,-9.570948481559753,-75.96453928947449,-0.5005185604095459,8.08,3.8280020898635883,7.0,4,33,-12.059517211127051,9.8022994872642,-9.49232619743336,-65.22290586112283,-0.603453119977952,0.92,0.2712931993250107,1.0,False,True,-0.01763403437224318,0.004989692502039339,-0.019065920799497413,-0.020247525523147902,0.0031848124099348174,31.466651979088784,13.229651532783658,29.241985321044922,9.628424644470215,85.39036560058594,4912.968078613281,1842.8666290754693,4448.016845703125,2275.37451171875,13434.234375,0.8524952825158835,0.0573023880526802,0.8535124063491821,0.6774531602859497,1.0407499074935913,2.6101583100855352,0.14995146222839761,2.609054446220398,2.1480746269226074,3.102456569671631
128,849,54,11405.604563236237,112640,11772,17600,10.025217666551619,1.5664402603986904,10.0,10.0,8.49,4.045973306881794,7.5,3,24,-13.927478182911873,11.853231216171528,-9.96073916554451,-49.903165102005005,0.21709609031677246,8.49,4.045973306881794,7.5,3,24,-13.402665017010506,10.869556299998234,-9.889938956936097,-45.17826869709981,0.1475740039348601,0.89,0.31288975694324034,1.0,False,True,-0.016962607009122055,0.005997661816937384,-0.01905657107234126,-0.01917141922775277,0.0012840764032361618,31.33349039256573,8.95007508610049,31.194034576416016,11.286229133605957,70.373046875,4790.832489013672,1738.1752210269015,4462.1591796875,1860.757080078125,12499.384765625,0.8792992860078812,0.06259678367443938,0.8811347186565399,0.7116376757621765,1.0444689989089966,2.712420142441988,0.17237005679512554,2.70449960231781,2.321924924850464,3.2260241508483887
390,825,55,11598.946199893951,114688,12162,17920,10.592648512775892,1.6551013301212332,10.0,10.0,8.25,4.678407848830625,7.5,3,43,-13.418110826015472,12.14652167008854,-9.673512876033783,-82.26930916309357,0.34186363220214844,8.25,4.678407848830625,7.5,3,43,-12.90056993877384,10.887346043049542,-9.609859811519584,-68.66863770331533,0.2705887685298922,0.89,0.31288975694324034,1.0,False,True,-0.01689585052797399,0.006237906204626649,-0.01906272550206406,-0.019662978016688218,0.004714551609062034,34.781062722206116,14.203492038704566,32.009910583496094,10.186894416809082,88.01463317871094,4893.581279754639,2146.2870751863325,4242.638916015625,1839.5888671875,14944.1962890625,0.8876220684498548,0.06103330726946325,0.8868639767169952,0.7133727073669434,1.0571470260620117,2.7503368616104127,0.17418604789927208,2.746459484100342,2.2857491970062256,3.244232177734375
254,806,56,11796.149377822876,116736,12416,18240,10.385228176891422,1.6226919026392848,10.0,10.0,8.06,3.989536313909174,7.0,3,36,-12.361051186919212,10.144660711580906,-9.58006501197815,-67.74432587623596,0.36788296699523926,8.06,3.989536313909174,7.0,3,36,-11.978712034324317,9.192018346271094,-9.50597662522514,-58.246562544365666,0.2958748147964476,0.93,0.2551470164434615,1.0,False,True,-0.017823826042103613,0.004858481834962853,-0.01907105175788662,-0.020148566389535383,0.003498484588570494,35.73110072016716,14.172069095225334,34.03762245178223,9.947395324707031,99.22207641601562,5621.890460968018,2560.9381472215573,4911.938720703125,2210.30517578125,19545.654296875,0.8690168134868145,0.06833797797853984,0.8711373805999756,0.6961885094642639,1.0326604843139648,2.6899432189762593,0.18522297834711407,2.6934611797332764,2.24808406829834,3.1951451301574707
276,730,57,11987.577687263489,118784,12692,18560,10.698522104617735,1.6716440788465212,10.0,10.0,7.3,2.5475478405713994,7.0,3,16,-10.68472225189209,7.8894094967029265,-9.102830231189728,-39.34134221076965,0.07566356658935547,7.3,2.5475478405713994,7.0,3,16,-10.456314624115116,7.399170831523403,-9.040633831962372,-36.46610076235418,0.009315054321288763,0.94,0.23748684174075835,1.0,False,True,-0.018015658962206624,0.0043578336789711234,-0.019072274954657194,-0.020362155771218637,0.0029651847421863775,16.80136418193579,6.414012811943897,16.055771827697754,5.274488925933838,39.063045501708984,3736.447805404663,1584.0719750080536,3328.4774169921875,1409.3974609375,12306.3173828125,0.8495462041348218,0.06110677869529164,0.8531679511070251,0.6876857280731201,0.9956689476966858,2.629775893688202,0.16605126665195388,2.6297377347946167,2.1801233291625977,3.0903310775756836
268,725,58,12187.157750606537,120832,12960,18880,10.261545996604863,1.6033665619695097,10.0,10.0,7.25,3.0079062485390065,6.5,4,24,-10.186482813954353,7.736817092629282,-8.051678597927094,-45.87622684240341,-1.7073044776916504,7.25,3.0079062485390065,6.5,4,24,-9.978378044650752,7.238919312492651,-8.037645538186027,-42.02334535073389,-1.7859964193525322,0.97,0.1705872210923198,1.0,False,True,-0.018520025292972732,0.0031763660526185934,-0.019072506615002885,-0.019174389831363603,0.00028530869826257077,26.345945943892,12.793126492519693,22.035680770874023,7.446469783782959,85.90331268310547,4412.118433761597,1984.0248260392073,3856.7449951171875,1675.0595703125,16043.5361328125,0.8019071713089942,0.062311431896182365,0.8021508157253265,0.6126325130462646,0.9406564235687256,2.5155648246407507,0.1644178712806335,2.5137717723846436,2.064018964767456,2.8887431621551514
297,703,59,12380.70019364357,122880,13257,19200,10.581658306380522,1.6533841103719564,10.0,10.0,7.03,2.4018950851359016,7.0,4,19,-9.872715118527413,6.89997365625074,-9.142394602298737,-44.373450756073,-0.32433217763900757,7.03,2.4018950851359016,7.0,4,19,-9.69742071397014,6.464610495261959,-9.080454912036732,-40.568344764345426,-0.4304922942707545,0.97,0.17058722109231983,1.0,False,True,-0.018551805204737613,0.0030203129371665118,-0.019074206409520802,-0.019320329566893543,-0.00024816222977208646,12.219741732627153,5.961248946415381,10.972837924957275,2.1298491954803467,34.3981819152832,3142.8168235778808,1286.839567701981,2823.955078125,1238.7911376953125,8058.2978515625,0.7725610794499517,0.0548431093402063,0.7704803049564362,0.6241368055343628,0.9114729166030884,2.418944518268108,0.13823593233900533,2.414400339126587,2.0264739990234375,2.7371015548706055
277,734,60,12580.34348320961,124928,13534,19520,10.258296206457477,1.6028587822589806,10.0,10.0,7.34,2.7063628729348177,7.0,3,14,-11.051440605521202,9.078047053118496,-7.8858641386032104,-40.3086142539978,0.5455043315887451,7.34,2.7063628729348177,7.0,3,14,-10.783719176404606,8.49532823234769,-7.8789724083227775,-37.614039451153246,0.47141225142479026,0.92,0.2712931993250107,1.0,False,True,-0.01755645079585076,0.005158603124500388,-0.019065535531416274,-0.019193177303697018,0.0026824138425830812,15.964781150221825,7.879207839440427,14.379740238189697,4.9686102867126465,49.67340087890625,3134.9155773162843,1372.6343380227822,2790.5963134765625,1104.97900390625,9391.6142578125,0.7875799296423793,0.05749825794415976,0.7842805087566376,0.6034496426582336,1.005224585533142,2.46095346622169,0.15779100159663567,2.449903130531311,1.9601839780807495,3.1081409454345703
281,727,61,12769.040206193924,126976,13815,19840,10.85339463033625,1.695842910990039,10.0,10.0,7.27,2.8208332102412577,7.0,3,16,-10.187440190315247,7.716585625115851,-7.408347904682159,-33.33937954902649,0.07046294212341309,7.27,2.8208332102412577,7.0,3,16,-9.981764225149135,7.289010995562839,-7.409998079648625,-31.44974697137466,0.003710418987274089,0.96,0.19595917942265423,1.0,False,True,-0.01842255332546473,0.003278896362081903,-0.01905751975955336,-0.020300617290547038,0.00017958295770209576,20.264559598267077,8.236197498881978,19.494105339050293,6.011176586151123,46.72547912597656,3991.5586807250975,1516.0569742130208,3593.685546875,1534.903076171875,10615.896484375,0.7863000232726336,0.05900452913514135,0.7867434024810791,0.6257663369178772,0.977313220500946,2.4415625438094137,0.14767870374539305,2.4408756494522095,2.0454812049865723,2.912104606628418
264,719,62,12966.451129198074,129024,14079,20160,10.374299298306521,1.6209842653603939,10.0,10.0,7.19,2.1849256280248994,7.0,3,17,-10.028897200822831,6.089690371907296,-9.187773704528809,-32.6388213634491,0.21233391761779785,7.19,2.1849256280248994,7.0,3,17,-9.870951651542008,5.77119178132444,-9.126929023671323,-30.616601031795128,0.14339418711662333,0.98,0.13999999999999999,1.0,False,True,-0.018714126166890763,0.0026753112110005357,-0.019060777893779662,-0.02054952484927118,0.00038704333542161073,177.90934985876083,108.7248776471499,156.62059020996094,19.991607666015625,599.8675537109375,11427.286269378663,5544.733270977802,10061.94970703125,3000.942626953125,48268.49609375,0.7579201528802514,0.05193251810461039,0.7587154507637024,0.6230683326721191,0.9186294078826904,2.34113554880023,0.12603206531583822,2.3407927751541138,2.0304696559906006,2.7365407943725586
201,745,63,13168.242601156235,131072,14280,20480,10.149090940892853,1.5857954595145083,10.0,10.0,7.45,3.0540956108150903,7.0,3,23,-10.615956082344056,7.8554813131661145,-8.462066411972046,-41.035804986953735,-0.09977030754089355,7.45,3.0540956108150903,7.0,3,23,-10.389738243548178,7.365706286084215,-8.444264780462754,-37.87776910062441,-0.16499398307800295,0.98,0.13999999999999999,1.0,False,True,-0.018702654056356842,0.0026828978819245937,-0.019071819811839072,-0.020093915367821402,0.0004689921042796419,110.93490915298462,48.51051752946635,106.51193618774414,22.972553253173828,272.6466369628906,11690.751907348633,5988.621804071127,10390.21435546875,3874.486328125,47055.015625,0.7458702558651567,0.059487522027764486,0.7461170554161072,0.6039397120475769,0.9261870384216309,2.350768652558327,0.14903311255741714,2.345562696456909,1.9932701587677002,2.799161195755005
128,788,64,13362.34598660469,133120,14408,20800,10.551078206432658,1.6486059697551028,10.0,10.0,7.88,5.231214008239388,6.0,3,38,-11.934625998139381,12.7894218189965,-7.2071376740932465,-71.17678880691528,0.3109445571899414,7.88,5.231214008239388,6.0,3,38,-11.447765468698696,11.35711897695202,-7.216770849302943,-60.8251254507346,0.239350863409042,0.92,0.2712931993250107,1.0,False,True,-0.017736829276067748,0.004899667553489929,-0.019065277959652654,-0.019797009405097404,0.0026128258800745263,28.164696446061136,13.542374341255725,25.355026245117188,5.723113059997559,99.71186828613281,5721.359900665283,2872.095713266056,4855.90673828125,1872.97216796875,18277.6484375,0.7742854522541165,0.061560154224212967,0.7735666036605835,0.6001227498054504,0.9452081322669983,2.4244244270026685,0.15830214327059355,2.421490788459778,2.0311317443847656,2.876695394515991
128,689,65,13561.67383313179,135168,14536,21120,10.274530306138457,1.6053953603341338,10.0,10.0,6.89,2.6679392796688606,7.0,3,17,-9.456342490911483,7.51195643739024,-8.790846228599548,-39.86066675186157,0.41689324378967285,6.89,2.6679392796688606,7.0,3,17,-9.29123868569765,7.124594989631903,-8.733726568773477,-37.78037202621141,0.34256423730850205,0.98,0.13999999999999996,1.0,False,True,-0.018679651533018246,0.0028212957847210387,-0.019073944008945506,-0.01976300412426904,0.0030758789393787733,24.960235483944416,13.384085007319689,21.77216339111328,3.6895594596862793,72.46846008300781,4835.584151077271,2189.734236423992,4333.196044921875,1779.0992431640625,14114.333984375,0.7350491371005774,0.06012898963753532,0.7361282408237457,0.543986439704895,0.9120477437973022,2.333377203717828,0.1507587295597546,2.3368425369262695,1.8951321840286255,2.8109848499298096
631,750,66,13739.543856859207,137216,15167,21440,11.51402556250022,1.7990664941406596,10.0,10.0,7.5,3.9534794801541593,7.0,3,33,-10.908950708508492,10.823476868009017,-8.52511876821518,-79.41950750350952,0.43584394454956055,7.5,3.9534794801541593,7.0,3,33,-10.564803455281766,9.606255264323435,-8.507639521908692,-67.49959908267644,0.3631347861766816,0.95,0.21794494717703372,1.0,False,True,-0.01832951823654487,0.0035111046200199925,-0.01906392153309623,-0.0191877115975419,0.00027125337166677976,33.417801493406294,13.235348114591108,32.00477695465088,8.17987060546875,75.23837280273438,5148.831083679199,2138.1520973700613,4611.1904296875,2062.644287109375,13702.990234375,0.7194966124370694,0.05789606836368555,0.7189094424247742,0.5526009798049927,0.872146487236023,2.2834393989294766,0.14427032304003826,2.278856039047241,1.9312480688095093,2.6682868003845215
283,676,67,13936.681810379028,139264,15450,21760,10.388664199022866,1.623228781097323,10.0,10.0,6.76,2.4944738924270182,6.0,3,15,-9.060973615050315,7.112612239533004,-7.2346614599227905,-35.347625732421875,0.25255608558654785,6.76,2.4944738924270182,6.0,3,15,-8.915559706754536,6.74557408599819,-7.228235267082222,-33.29866538972958,0.1828458963394164,0.96,0.19595917942265423,1.0,False,True,-0.018514471185370605,0.0029107782362292793,-0.019067250369666916,-0.019158801493251804,-0.0002999825748880858,20.356015922129153,10.564078008446648,18.367892265319824,4.302946090698242,59.7532844543457,4004.4288589477537,1741.7739210279258,3608.492919921875,1709.36474609375,13855.9169921875,0.7085743984207511,0.059716948733343746,0.7092969715595245,0.5479651689529419,0.8466106653213501,2.2534454252570866,0.14292441911854864,2.256013512611389,1.8758759498596191,2.6258952617645264
268,770,68,14118.306528806686,141312,15718,22080,11.275998210649545,1.7618747204139915,10.0,10.0,7.7,3.366006535941367,7.0,3,23,-11.530326201319694,9.473873507203995,-9.220613598823547,-54.05726981163025,0.25284743309020996,7.7,3.366006535941367,7.0,3,23,-11.221563003518124,8.794812258749209,-9.161102519411092,-48.494320269314166,0.18270038089752205,0.95,0.21794494717703372,1.0,False,True,-0.01814717249924352,0.004168773028895586,-0.019070033213312278,-0.020362781618654735,0.0021724935008477775,24.10621116310358,9.015930440333591,23.51360034942627,5.38045072555542,57.971431732177734,4025.09511680603,1788.3920869211147,3561.86767578125,1581.1590576171875,12841.90625,0.7046800972893834,0.0581205020117134,0.704553484916687,0.5340114831924438,0.8656160235404968,2.25659521818161,0.15003716574922915,2.265756607055664,1.8410240411758423,2.7050247192382812
290,717,69,14309.55999326706,143360,16008,22400,10.708302752990594,1.6731723051547802,10.0,10.0,7.17,3.7524791804885473,6.0,3,29,-9.738605570793151,8.853072657338245,-7.300057530403137,-55.34820532798767,0.022672653198242188,7.17,3.7524791804885473,6.0,3,29,-9.51973549775856,8.14425009387629,-7.311189541303433,-49.360335310216314,-0.044920940923691255,0.99,0.09949874371066199,1.0,False,True,-0.01892102758659263,0.001805953140657331,-0.019069021210787324,-0.020233809580907702,-0.00102614424264183,22.92258191406727,8.276175098672132,21.80952739715576,7.302691459655762,52.30107498168945,3827.7751228332518,1567.6510500975803,3443.224365234375,1249.709228515625,10284.7294921875,0.6775637124665082,0.05668145306280505,0.6742487549781799,0.47559574246406555,0.8440390825271606,2.1923397932201625,0.13751163181945056,2.188446521759033,1.7660152912139893,2.5912296772003174
288,693,70,14492.329221248627,145408,16296,22720,11.205387376295887,1.7508417775462322,10.0,10.0,6.93,2.7613583613866566,6.0,3,16,-9.707316233515739,8.289306447293773,-7.147347867488861,-41.65457630157471,0.25705957412719727,6.93,2.7613583613866566,6.0,3,16,-9.516511674668758,7.7992071689197715,-7.152550085372636,-38.6802411401834,0.18531425862312378,0.96,0.19595917942265428,1.0,False,True,-0.018404127462836938,0.003435999371901862,-0.019071406067245687,-0.020477370968681824,0.0004921659294583602,14.88748184517026,6.219886568557222,14.36905813217163,2.3002865314483643,36.583133697509766,3271.4144733428957,1412.2783722124814,2964.6375732421875,1102.3973388671875,11437.958984375,0.6918962609022856,0.05300447241245347,0.6914417147636414,0.5498529076576233,0.8321508169174194,2.2108845360577107,0.12574989936917677,2.2092801332473755,1.8906276226043701,2.556377649307251
288,686,71,14688.322200536728,147456,16584,23040,10.449353887261077,1.6327115448845433,10.0,10.0,6.86,3.0266152712229553,6.0,4,21,-9.362733330726623,8.3679166670578,-7.097364544868469,-49.77433240413666,-1.684680700302124,6.86,3.0266152712229553,6.0,4,21,-9.163664166231449,7.758942430475633,-7.096334289733563,-44.951982891473754,-1.7610431507949817,0.97,0.17058722109231983,1.0,False,True,-0.018509669466591022,0.0032273716293159042,-0.0190682255941773,-0.01919925633721567,0.0010825403355513574,44.570142328739166,24.205736073504887,39.569976806640625,8.717483520507812,143.60223388671875,5519.8572612762455,2585.308798119591,4760.474853515625,1621.1033935546875,16564.59765625,0.682754915766418,0.0563689062633934,0.6860827505588531,0.5060477256774902,0.8152527213096619,2.180727768689394,0.1289277765878565,2.173534393310547,1.7839683294296265,2.5523629188537598
298,668,72,14890.803884983063,149504,16882,23360,10.114495074455961,1.5803898553837439,10.0,10.0,6.68,2.292945703674642,6.0,3,19,-8.635851108431815,6.012052755091556,-7.626753777265549,-36.97071552276611,0.34224915504455566,6.68,2.292945703674642,6.0,3,19,-8.527635716275142,5.692614145600921,-7.63627142452339,-34.482281596919336,0.2701124269962305,0.99,0.09949874371066199,1.0,False,True,-0.018884506939939524,0.0021300673247704846,-0.019081858722125346,-0.02029518511602954,0.0022721714023268003,22.252762753516436,11.85582235171389,20.49601936340332,2.162385940551758,70.42321014404297,3565.0999652862547,1527.091560982079,3215.643310546875,1303.36181640625,11797.416015625,0.6730220705270767,0.054168550260109784,0.6684060990810394,0.5291299223899841,0.8844048976898193,2.166544219478965,0.13094398614013011,2.1575340032577515,1.829643726348877,2.7133264541625977
298,661,73,15073.30323958397,151552,17180,23680,11.221957493924357,1.753430858425681,10.0,10.0,6.61,2.4855381711009796,6.0,3,14,-8.660490660071373,6.935934469669,-6.963330030441284,-39.90664267539978,0.15480899810791016,6.61,2.4855381711009796,6.0,3,14,-8.528052547111649,6.554532774002033,-6.9596811816361175,-37.2727782335187,0.08654400882720914,0.98,0.13999999999999999,1.0,False,True,-0.018685499495529813,0.002767854037307484,-0.019072973386781614,-0.019224532585487925,0.0015323973476705777,20.11916354596615,9.496079569215317,18.45345401763916,3.427241563796997,59.923133850097656,3881.1255836486816,1612.4865159212352,3638.784912109375,1445.0247802734375,12900.294921875,0.6372050411999226,0.051999247883858596,0.6360573470592499,0.46272242069244385,0.7660514116287231,2.0809659507125615,0.11825737081084116,2.0807344913482666,1.7069789171218872,2.441809892654419
128,693,74,15282.439284563065,153600,17308,24000,9.792668691830293,1.5301044830984833,10.0,10.0,6.93,2.5505097529709624,7.0,3,17,-9.618626227378845,7.320656587192739,-9.160249710083008,-36.47656059265137,0.36082983016967773,6.93,2.5505097529709624,7.0,3,17,-9.448652313221327,6.935533160456246,-9.10422388965156,-34.33366400535071,0.28919507837295555,0.98,0.13999999999999999,1.0,False,True,-0.018679403967349826,0.0028004222033259766,-0.01907014873749116,-0.01919295782525207,0.0020692964443354833,12.96899821832776,6.345733591179464,11.494625568389893,1.8074908256530762,38.46927261352539,3099.643055725098,1392.7669269519138,2749.1893310546875,1263.9586181640625,9200.033203125,0.6569334249943495,0.05337698771784743,0.653688907623291,0.5258345603942871,0.8294629454612732,2.124742800742388,0.1218818638783301,2.117157459259033,1.8234256505966187,2.5522828102111816
465,681,75,15469.722358226776,155648,17773,24320,10.935318178712835,1.7086434654238807,10.0,10.0,6.81,2.488754708684647,6.0,3,16,-8.732246168255806,6.073950692362901,-7.2860634326934814,-32.946650326251984,0.24068045616149902,6.81,2.488754708684647,6.0,3,16,-8.626018826090535,5.812754940314873,-7.279722648308006,-31.84100319844207,0.17133729233741768,1.0,0.0,1.0,True,True,-0.01907957118404121,9.703817889629569e-05,-0.019067368224259383,-0.019955514410604475,-0.019011631723804434,10.528444321453572,4.316953832018033,10.001200675964355,2.7458059787750244,28.179471969604492,2371.977997970581,927.3687419806853,2210.2601318359375,817.6102294921875,6850.84130859375,0.6522250568494201,0.052175648587372454,0.6520365476608276,0.5168347358703613,0.7792719006538391,2.1011273968964814,0.11857446217077275,2.099485397338867,1.815892219543457,2.388519287109375
128,692,76,15662.162018537521,157696,17901,24640,10.642296898118387,1.6628588903309978,10.0,10.0,6.92,2.7483813418083014,6.0,3,17,-9.869166376590728,8.13540928575184,-7.19333291053772,-39.82282304763794,0.2515370845794678,6.92,2.7483813418083014,6.0,3,17,-9.67022839307511,7.6511492270808334,-7.183188286655251,-36.97643212761106,0.18171798930168137,0.96,0.19595917942265423,1.0,False,True,-0.018501685621599304,0.0031521405329889233,-0.019070719666401552,-0.019221982692023215,0.0021185039272567374,21.21070301681757,11.347037577074431,18.48319721221924,5.775696277618408,88.04240417480469,3179.678665161133,1646.7531206961828,2762.47900390625,1149.23681640625,12648.0830078125,0.6393205689266324,0.055505332463999316,0.6356263756752014,0.5031965970993042,0.818440318107605,2.0755191799253225,0.12862210590264836,2.0628613233566284,1.7669764757156372,2.47584867477417
446,856,77,15865.577213525772,159744,18347,24960,10.068077756523019,1.573137149456722,10.0,10.0,8.56,14.181198820974197,6.0,3,137,-12.924943694472313,31.693782295307386,-7.142357230186462,-295.9928386211395,0.22749686241149902,8.56,14.181198820974197,6.0,3,137,-11.138551641850022,18.867758336543794,-7.155572391006729,-162.78362767203035,0.15701822323799064,0.97,0.17058722109231983,1.0,False,True,-0.01861250533376589,0.002866521462842619,-0.01908183189240889,-0.020348083233902914,0.0008701696211866339,246.31535464525223,129.01696464088616,232.2254638671875,45.95737838745117,950.2596435546875,10800.544434356689,6450.175775929777,9091.27392578125,3277.324951171875,56020.24609375,0.6695543598383665,0.05216879439136462,0.6687214970588684,0.5109782218933105,0.8411537408828735,2.1471352983266114,0.12671555578925214,2.133951187133789,1.7851824760437012,2.6291022300720215
226,668,78,16056.072653770447,161792,18573,25280,10.750913498871803,1.6798302341987192,10.0,10.0,6.68,2.5214281667340837,6.0,3,16,-8.819473276138305,7.036699880698861,-7.449310541152954,-40.35325002670288,0.2403545379638672,6.68,2.5214281667340837,6.0,3,16,-8.681610325024684,6.639473119854566,-7.432218194440803,-37.34547880260001,0.1707404465675344,0.98,0.13999999999999999,1.0,False,True,-0.018670161686327694,0.0028116783339673956,-0.019067374119413963,-0.019154199003717814,0.0020419745608054596,21.546362023986877,12.750220110007765,18.627845764160156,0.9498720765113831,78.59410858154297,4402.240500640869,2386.9804575760113,3787.245361328125,1153.717529296875,14149.4833984375,0.6258941606618464,0.05270053164832241,0.6248401999473572,0.49904170632362366,0.7737494111061096,2.0563619967550038,0.11948432995454171,2.05715811252594,1.7996143102645874,2.456887722015381
368,697,79,16262.059234380722,163840,18941,25600,9.942395246973867,1.5534992573396667,10.0,10.0,6.97,3.10951764748168,6.0,3,24,-9.620834733247756,8.429492414667546,-7.320186018943787,-59.51568293571472,0.41681790351867676,6.97,3.10951764748168,6.0,3,24,-9.416465146325637,7.735320151950068,-7.316906798969728,-53.61570867677271,0.34439468641281046,0.97,0.17058722109231983,1.0,False,True,-0.01852354046610371,0.0032146611765377525,-0.019071033220389062,-0.020075006609911128,0.0011886974566079345,40.00842842161656,24.45585843388283,34.5845890045166,8.239825248718262,163.80819702148438,5269.8876865386965,3022.4886666659218,4390.791748046875,1516.0875244140625,23802.533203125,0.6187107245437801,0.05069301927940004,0.6246162950992584,0.4817211925983429,0.7830074429512024,2.032306883484125,0.11371987254513986,2.0384219884872437,1.7439918518066406,2.445101499557495
296,716,80,16434.422573566437,165888,19237,25920,11.88187702602675,1.8565432853166797,10.0,10.0,7.16,4.293530016198792,6.0,3,35,-9.65510771036148,9.949746995462398,-7.373284161090851,-71.41479420661926,0.3849194049835205,7.16,4.293530016198792,6.0,3,35,-9.385497221444576,8.78947841040573,-7.38062524097005,-62.11148174108642,0.31259220247268704,0.99,0.09949874371066199,1.0,False,True,-0.018893300383458735,0.0018420967939246208,-0.01907311021141493,-0.0191509483567827,-0.0005674062194963858,24.572392711043356,14.569872277425514,20.46614646911621,4.214232921600342,85.69206237792969,3267.4303104400633,1470.561052995479,2912.584228515625,1094.0562744140625,10830.88671875,0.5973086973652244,0.0489869765447105,0.6008356511592865,0.43167415261268616,0.7448784708976746,1.991736738011241,0.10466433607792275,1.9950478672981262,1.6654025316238403,2.304332971572876
307,647,81,16636.779879808426,167936,19544,26240,10.12071191316857,1.581361236432589,10.0,10.0,6.47,2.9032912358218557,6.0,3,21,-8.206064734458923,7.505430121625426,-6.752554774284363,-38.87189078330994,0.642099142074585,6.47,2.9032912358218557,6.0,3,21,-8.067412326441426,7.0828764526851895,-6.7549154039530706,-36.24150472201727,0.5667907423496246,0.98,0.13999999999999999,1.0,False,True,-0.01869053645526084,0.0027404191073853858,-0.019072047840633224,-0.01922175892570982,0.0018664467839122345,40.30863463282585,25.835254439290896,34.814449310302734,5.3296380043029785,150.4404296875,4444.611179351807,2682.484042997213,3704.0030517578125,1187.338623046875,19419.791015625,0.5782858422957361,0.05100000119322056,0.5779328048229218,0.4554066061973572,0.7096784710884094,1.9589916553348303,0.10936133593088151,1.9577751755714417,1.6861757040023804,2.2824230194091797
232,647,82,16823.823573589325,169984,19776,26560,10.94931327863427,1.7108301997866044,10.0,10.0,6.47,2.43086404391525,6.0,3,16,-8.268429941236972,6.179005586811842,-6.875356435775757,-34.42078948020935,0.4343695640563965,6.47,2.43086404391525,6.0,3,16,-8.168001275003258,5.8936314890372365,-6.878992680571638,-32.48647394532125,0.3612900608062741,1.0,0.0,1.0,True,True,-0.019081242839345192,4.4010610815296224e-05,-0.019075542991268686,-0.019340304941731834,-0.019022968969638204,11.924959075450897,4.593236370671312,11.598325252532959,3.0393271446228027,27.89942169189453,2594.897114753723,1077.0847844508462,2296.24169921875,1000.6035766601562,8164.51708984375,0.5611244248226285,0.0575052646287654,0.5599210560321808,0.37371066212654114,0.746618926525116,1.931934329867363,0.12392087848700789,1.9262095093727112,1.5715445280075073,2.3610596656799316
376,650,83,17024.30070090294,172032,20152,26880,10.215629221363676,1.5961920658380744,10.0,10.0,6.5,2.179449471770337,6.0,3,13,-8.545706686377525,6.790471479363505,-7.108595252037048,-42.375324010849,0.2857944965362549,6.5,2.179449471770337,6.0,3,13,-8.428341003709576,6.435641946794687,-7.100764355094786,-39.9360554262187,0.21576639909744255,0.97,0.1705872210923198,1.0,False,True,-0.018482051932685276,0.00342846405711297,-0.019075795735710818,-0.0191661754861282,0.004436088359024287,43.58542412221432,25.4607147809061,38.18158721923828,9.350260734558105,147.6885528564453,5272.409605789185,2974.666650403185,4523.136962890625,1587.3111572265625,18819.341796875,0.5654250150546432,0.05168995900433003,0.5691023170948029,0.4349893629550934,0.7396986484527588,1.9375850230455398,0.10906078390318764,1.9404463171958923,1.6659036874771118,2.297880172729492
300,668,84,17226.30364704132,174080,20452,27200,10.138465993446546,1.584135311476023,10.0,10.0,6.68,2.4489997958350265,6.0,3,14,-8.89603439629078,6.7689910074791415,-7.072240471839905,-35.301742255687714,0.4812765121459961,6.68,2.4489997958350265,6.0,3,14,-8.760920215530394,6.432351918680911,-7.072287024591395,-33.248699052138896,0.4083475293159484,0.97,0.17058722109231983,1.0,False,True,-0.018707073896454998,0.0026045057729627108,-0.019076334740566248,-0.019161080394445307,0.0002645944274838885,25.336950458586216,15.770939441910537,20.889939308166504,4.347891807556152,81.50159454345703,3132.9204816818237,1615.9982060598622,2673.249755859375,964.5503540039062,10219.2353515625,0.5947754512540996,0.05732959815135157,0.5920622050762177,0.4326396882534027,0.7785012722015381,2.0208031095564367,0.13698096033085802,2.012559175491333,1.6660233736038208,2.454354763031006
315,631,85,17423.41535449028,176128,20767,27520,10.390047483761535,1.6234449193377398,10.0,10.0,6.31,2.166541021997968,6.0,3,13,-8.096832883954049,6.2746234022214775,-6.844287872314453,-34.24832034111023,0.5906462669372559,6.31,2.166541021997968,6.0,3,13,-7.999468881084852,5.983813599088823,-6.847627322643574,-32.37228426920794,0.5161520027637474,0.99,0.09949874371066199,1.0,False,True,-0.018880470847917875,0.0019792164224797636,-0.019080168171915213,-0.019167895731810963,0.0008094570742821494,7.663548414409161,3.8793812069885925,7.074451208114624,1.2437012195587158,21.376331329345703,1871.8349283218383,756.9277593483125,1670.5830078125,655.5767211914062,4921.83203125,0.564199395570904,0.05480967977436094,0.5629629492759705,0.4130863845348358,0.7351648807525635,1.9419073026627303,0.11896911287934182,1.9377442598342896,1.6617783308029175,2.309208869934082
298,641,86,17625.242097377777,178176,21065,27840,10.147317301461898,1.5855183283534218,10.0,10.0,6.41,1.9188277671536857,6.0,3,14,-7.878276360034943,4.691909926476543,-7.1135571002960205,-25.35715913772583,0.5737223625183105,6.41,1.9188277671536857,6.0,3,14,-7.817757935015563,4.524485428925652,-7.113975829072396,-24.229610062677907,0.49879594240188574,1.0,0.0,1.0,True,True,-0.019089393549941432,0.00011516267672435638,-0.019076678271653394,-0.02018375822841935,-0.019014347639990464,74.54178078472614,53.407280333162554,64.42998123168945,8.272443771362305,385.2381896972656,6289.799061965942,3668.857108787643,5344.599365234375,1355.97265625,26361.755859375,0.5737682578153909,0.05219777911302043,0.5737457573413849,0.4212312698364258,0.7268865704536438,1.9455524999648333,0.1146026258153436,1.947325050830841,1.6197150945663452,2.3104848861694336
128,744,87,17817.028908491135,180224,21193,28160,10.678523659218197,1.6685193217528433,10.0,10.0,7.44,8.87504366186443,6.0,3,93,-10.459780535697938,20.085043831676256,-7.142681002616882,-201.1781930923462,0.439769983291626,7.44,8.87504366186443,6.0,3,93,-9.651384489064297,13.45393964236018,-7.136400927070976,-130.87451112307903,0.3674938447952263,0.97,0.17058722109231983,1.0,False,True,-0.018641916525477416,0.002561822514958337,-0.01907353191984823,-0.019204842145933126,0.0007827244497271013,24.26021222025156,10.121761471664016,22.190214157104492,4.869720935821533,56.66884994506836,3181.482046508789,1281.5783088757307,2915.92236328125,1343.189697265625,9137.1923828125,0.608007972408086,0.05825962471228073,0.6051673889160156,0.46288013458251953,0.7853244543075562,2.032343430444598,0.13227408922471523,2.0254346132278442,1.7188729047775269,2.4296398162841797
484,690,88,18009.509781599045,182272,21677,28480,10.64001823626306,1.6625028494161032,10.0,10.0,6.9,3.38673884437522,6.0,3,28,-9.450592344403267,8.69705648257817,-6.958774209022522,-55.59770631790161,-0.02067089080810547,6.9,3.38673884437522,6.0,3,28,-9.240019086604303,8.046897236298097,-6.962080922167683,-49.89216335392075,-0.08553371176719704,0.96,0.19595917942265423,1.0,False,True,-0.01837367610191358,0.0035422497885052545,-0.019079734351551345,-0.019174476307888988,0.001572207001796777,12.705676075816154,4.645098141641763,12.050436973571777,3.716320514678955,28.066984176635742,2259.5116958618164,801.9394185857462,2052.4136962890625,839.1209106445312,5366.17529296875,0.5864355312660336,0.05358220530319236,0.5843316316604614,0.4411773681640625,0.7698975205421448,1.9807624559849502,0.12040969250961019,1.9706866145133972,1.6420236825942993,2.40824818611145
