Diagnostics/NewCompletedTrajs,Diagnostics/StepsInTrajWindow,Diagnostics/Iteration,Diagnostics/CumTime (s),Diagnostics/CumSteps,Diagnostics/CumCompletedTrajs,Diagnostics/CumUpdates,Diagnostics/StepsPerSecond,Diagnostics/UpdatesPerSecond,Diagnostics/ReplayRatio,Diagnostics/CumReplayRatio,LengthAverage,LengthStd,LengthMedian,LengthMin,LengthMax,ReturnAverage,ReturnStd,ReturnMedian,ReturnMin,ReturnMax,NonzeroRewardsAverage,NonzeroRewardsStd,NonzeroRewardsMedian,NonzeroRewardsMin,NonzeroRewardsMax,DiscountedReturnAverage,DiscountedReturnStd,DiscountedReturnMedian,DiscountedReturnMin,DiscountedReturnMax,SuccessAverage,SuccessStd,SuccessMedian,SuccessMin,SuccessMax,InsertDepthAverage,InsertDepthStd,InsertDepthMedian,InsertDepthMin,InsertDepthMax,TimeAverage,TimeStd,TimeMedian,TimeMin,TimeMax,InitPosAverage,InitPosStd,InitPosMedian,InitPosMin,InitPosMax,InitQuatAverage,InitQuatStd,InitQuatMedian,InitQuatMin,InitQuatMax,lossAverage,lossStd,lossMedian,lossMin,lossMax,gradNormAverage,gradNormStd,gradNormMedian,gradNormMin,gradNormMax,entropyAverage,entropyStd,entropyMedian,entropyMin,entropyMax,perplexityAverage,perplexityStd,perplexityMedian,perplexityMin,perplexityMax
11,121,0,311.3048474788666,128,11,80,nan,nan,10.0,10.0,11.0,1.9069251784911847,11.0,8,15,-7.7958181933923205,4.896832252786645,-9.522025346755981,-16.028408765792847,-1.143043875694275,11.0,1.9069251784911847,11.0,8,15,-7.473105738284809,4.525101707705514,-9.07561175926945,-15.104540973322429,-1.2939296277304422,0.36363636363636365,0.4810456929208347,0.0,False,True,-0.0072196592816177125,0.009797839251060547,-0.0025180532298304525,-0.01985200428076557,0.0047484936715444515,19.8721772107211,2.3874205936627266,20.880699157714844,14.95192289352417,22.007852792739868,0.0,0.0,0.0,0.0,0.0,0.0,0.0,0.0,0.0,0.0,6.314091282710433,6.244254673268626,4.626955270767212,-1.6311194896697998,35.69523620605469,688.3402318954468,470.3353620324626,527.5035095214844,227.4840545654297,3285.959716796875,0.6609643630683422,0.15865215854690493,0.653298407793045,0.28870660066604614,1.1931593418121338,2.6088804200291635,0.5578891533505449,2.5422258377075195,1.5050275325775146,4.400146007537842
15,255,1,677.965874671936,256,26,160,0.3490962783252123,0.21818517395325768,10.0,10.0,9.807692307692308,2.787599336198012,11.0,3,15,-6.171924116519781,5.466505984498769,-9.016307279467583,-16.028408765792847,2.8947483897209167,9.807692307692308,2.787599336198012,11.0,3,15,-5.9275431511460415,5.110926078490077,-8.567090377333528,-15.104540973322429,2.8131583868026735,0.46153846153846156,0.4985185152621431,0.0,False,True,-0.008954402808238405,0.010219351924767733,-0.004966679707867086,-0.019931906635818203,0.0047484936715444515,17.992341665121224,4.297420991012218,20.213003277778625,6.0546886920928955,22.007852792739868,0.0,0.0,0.0,0.0,0.0,0.0,0.0,0.0,0.0,0.0,5.179418160393834,2.735713788655303,4.47763991355896,-0.41037479043006897,12.097182273864746,645.1742259979249,289.07607557823235,557.0599670410156,277.9649353027344,1973.4598388671875,0.7720332331955433,0.18689267057020842,0.7225496470928192,0.4372415542602539,1.5014724731445312,3.004515451192856,0.7245720259954068,2.851785898208618,1.765615463256836,5.574173927307129
9,369,2,943.7452535629272,384,35,240,0.4816024498744084,0.30100153117150524,10.0,10.0,10.542857142857143,3.129060627115311,11.0,3,21,-7.497984459570476,5.441002642912586,-9.266114979982376,-17.47111487388611,2.8947483897209167,10.542857142857143,3.129060627115311,11.0,3,21,-7.148081613205551,5.057918836031245,-8.801312092656527,-16.390517519674255,2.8131583868026735,0.34285714285714286,0.4746642207381757,0.0,False,True,-0.006483934562678523,0.009896821111781437,-0.00013946543328860472,-0.019931906635818203,0.0047484936715444515,18.825192042759486,3.9828858512653045,20.46350073814392,6.0546886920928955,22.007852792739868,0.0,0.0,0.0,0.0,0.0,0.0,0.0,0.0,0.0,0.0,19.46495078802109,11.821515715454805,16.12376117706299,5.786732196807861,52.382991790771484,1320.2876316070556,865.7772072654224,1031.254638671875,269.06982421875,3889.661865234375,0.7398362498730421,0.22452052993707342,0.736273318529129,0.2700633406639099,1.4075675010681152,2.9615483775734903,0.8477969267752272,2.9622358083724976,1.3982900381088257,5.595783710479736
0,369,3,950.6897521018982,512,35,320,18.43185642299341,11.51991026437088,10.0,10.0,10.542857142857143,3.129060627115311,11.0,3,21,-7.497984459570476,5.441002642912586,-9.266114979982376,-17.47111487388611,2.8947483897209167,10.542857142857143,3.129060627115311,11.0,3,21,-7.148081613205551,5.057918836031245,-8.801312092656527,-16.390517519674255,2.8131583868026735,0.34285714285714286,0.4746642207381757,0.0,False,True,-0.006483934562678523,0.009896821111781437,-0.00013946543328860472,-0.019931906635818203,0.0047484936715444515,18.825192042759486,3.9828858512653045,20.46350073814392,6.0546886920928955,22.007852792739868,0.0,0.0,0.0,0.0,0.0,0.0,0.0,0.0,0.0,0.0,343.8625164985657,254.43475331323376,216.53546905517578,93.43580627441406,1278.4443359375,9653.817713928223,8507.183384792124,5249.21630859375,915.9395751953125,31957.1796875,0.34442499224096534,0.2676121993562434,0.1635397970676422,0.08929907530546188,0.9550304412841797,1.4733846336603165,0.4328643204385434,1.1802002787590027,1.0944167375564575,2.6321494579315186
0,369,4,956.2352509498596,640,35,400,23.081782813290804,14.426114258306754,10.0,10.0,10.542857142857143,3.129060627115311,11.0,3,21,-7.497984459570476,5.441002642912586,-9.266114979982376,-17.47111487388611,2.8947483897209167,10.542857142857143,3.129060627115311,11.0,3,21,-7.148081613205551,5.057918836031245,-8.801312092656527,-16.390517519674255,2.8131583868026735,0.34285714285714286,0.4746642207381757,0.0,False,True,-0.006483934562678523,0.009896821111781437,-0.00013946543328860472,-0.019931906635818203,0.0047484936715444515,18.825192042759486,3.9828858512653045,20.46350073814392,6.0546886920928955,22.007852792739868,0.0,0.0,0.0,0.0,0.0,0.0,0.0,0.0,0.0,0.0,123.41301746368408,81.49954306949996,88.13142013549805,48.54122543334961,404.9068298339844,6026.4388971328735,5787.035825995725,3753.2677001953125,152.86585998535156,21760.615234375,0.28862388161942365,0.22163674738919328,0.17008157819509506,0.07877804338932037,0.8859357237815857,1.3707461193203927,0.3461151766212855,1.1854015588760376,1.0819642543792725,2.4252541065216064
0,369,5,961.980637550354,768,35,480,22.278744478045347,13.924215298778341,10.0,10.0,10.542857142857143,3.129060627115311,11.0,3,21,-7.497984459570476,5.441002642912586,-9.266114979982376,-17.47111487388611,2.8947483897209167,10.542857142857143,3.129060627115311,11.0,3,21,-7.148081613205551,5.057918836031245,-8.801312092656527,-16.390517519674255,2.8131583868026735,0.34285714285714286,0.4746642207381757,0.0,False,True,-0.006483934562678523,0.009896821111781437,-0.00013946543328860472,-0.019931906635818203,0.0047484936715444515,18.825192042759486,3.9828858512653045,20.46350073814392,6.0546886920928955,22.007852792739868,0.0,0.0,0.0,0.0,0.0,0.0,0.0,0.0,0.0,0.0,42.222375106811526,23.22901149781467,33.762033462524414,23.30147933959961,118.25638580322266,3426.7365391731264,3373.117680267742,2340.094482421875,107.21955108642578,12255.763671875,0.240327868424356,0.15463768862028976,0.24416257441043854,0.02800394408404827,0.6368067860603333,1.287363338470459,0.2077851433357398,1.2765527963638306,1.0283997058868408,1.8904346227645874
0,369,6,967.7779524326324,896,35,560,22.079187106306332,13.799491941441458,10.0,10.0,10.542857142857143,3.129060627115311,11.0,3,21,-7.497984459570476,5.441002642912586,-9.266114979982376,-17.47111487388611,2.8947483897209167,10.542857142857143,3.129060627115311,11.0,3,21,-7.148081613205551,5.057918836031245,-8.801312092656527,-16.390517519674255,2.8131583868026735,0.34285714285714286,0.4746642207381757,0.0,False,True,-0.006483934562678523,0.009896821111781437,-0.00013946543328860472,-0.019931906635818203,0.0047484936715444515,18.825192042759486,3.9828858512653045,20.46350073814392,6.0546886920928955,22.007852792739868,0.0,0.0,0.0,0.0,0.0,0.0,0.0,0.0,0.0,0.0,15.991623687744141,6.6053128272055766,13.532658100128174,10.07614517211914,41.254234313964844,1822.6410664200782,1815.6090272889148,1203.6804809570312,11.76390552520752,7411.9287109375,0.3628981178626418,0.23772102661205843,0.32442033290863037,0.07610531896352768,0.9921559691429138,1.4808085918426515,0.3825550408739639,1.3832315802574158,1.0790762901306152,2.697042942047119
12,1025,7,1288.83145403862,1024,47,640,0.39868744417896995,0.2491796526118562,10.0,10.0,21.80851063829787,75.57007127328838,11.0,3,534,-21.0720660680152,88.85705573910523,-9.522025346755981,-622.7500262260437,2.8947483897209167,21.80851063829787,75.57007127328838,11.0,3,534,-9.92720463823775,16.352152581381944,-9.07561175926945,-116.14741503948619,2.8131583868026735,0.2978723404255319,0.4573230906426528,0.0,False,True,-0.005355271286113816,0.009998712659856501,0.00032856199432612643,-0.019931906635818203,0.009147723762222781,19.289483887083986,3.557289385690233,20.69817352294922,6.0546886920928955,22.007852792739868,0.0,0.0,0.0,0.0,0.0,0.0,0.0,0.0,0.0,0.0,299.3564006512985,328.56787411977126,161.6837615966797,-28.90599250793457,1148.2857666015625,14031.226268005372,11199.79294744036,10399.9697265625,1309.4993896484375,42371.33203125,0.7579011354595423,0.1824706151614768,0.7338582277297974,0.3253743648529053,1.1847608089447021,3.017300607264042,0.6891278956213331,2.9934409856796265,1.7593028545379639,4.717423915863037
13,1147,8,1627.06480884552,1152,60,720,0.37843695242024894,0.23652309526265558,10.0,10.0,19.116666666666667,67.09075735317217,11.0,3,534,-17.481706775228183,78.97218818508836,-9.282156929373741,-622.7500262260437,2.8947483897209167,19.116666666666667,67.09075735317217,11.0,3,534,-8.726349557187348,14.804112627881434,-8.818420026147923,-116.14741503948619,2.8131583868026735,0.36666666666666664,0.4818944098266986,0.0,False,True,-0.006773828605809392,0.010379296046537192,0.00011718652248488004,-0.020115545696850978,0.009147723762222781,18.85843023061752,3.797108893992943,20.285940051078796,6.041635513305664,22.007852792739868,0.0,0.0,0.0,0.0,0.0,0.0,0.0,0.0,0.0,0.0,5.318072314560413,4.496538537615597,4.2255237102508545,-0.5608234405517578,24.462844848632812,700.2668281555176,487.13784526085215,568.4377746582031,178.6235809326172,3355.516845703125,0.6467831484973431,0.16711874625046658,0.6361724734306335,0.2851465940475464,1.0632754564285278,2.6196099832654,0.6023373336785498,2.517996907234192,1.5656925439834595,4.2776641845703125
14,1273,9,1990.9511680603027,1280,74,800,0.3517581705349071,0.21984885658431694,10.0,10.0,17.2027027027027,60.54615834214996,11.0,3,534,-14.864341077369613,71.33535932749979,-8.971319064497948,-622.7500262260437,2.8947483897209167,17.2027027027027,60.54615834214996,11.0,3,534,-7.761082015587832,13.56520810236714,-8.541050418238482,-116.14741503948619,2.8131583868026735,0.43243243243243246,0.49541358864387464,0.0,False,True,-0.008137907512079707,0.010552985766782118,-0.0015770891827103506,-0.02016198198393805,0.009147723762222781,18.606565043732928,3.726212310483787,20.171177983283997,6.041635513305664,22.007852792739868,0.0,0.0,0.0,0.0,0.0,0.0,0.0,0.0,0.0,0.0,3.2012267455458643,1.4672803601347686,3.0343456268310547,0.5951385498046875,6.61488676071167,480.26275367736815,174.1313710338031,450.4027099609375,204.95037841796875,984.5056762695312,0.6682055950164795,0.17368395082965557,0.6430075466632843,0.29935312271118164,1.073470115661621,2.61166954934597,0.5424598163747832,2.529957890510559,1.5135353803634644,4.101795673370361
13,1407,10,2331.6642384529114,1408,87,880,0.3756826817723891,0.2348016761077432,10.0,10.0,16.17241379310345,55.90410650443006,11.0,3,534,-13.84296828371355,65.85739879111469,-8.899825543165207,-622.7500262260437,3.1651363372802734,16.17241379310345,55.90410650443006,11.0,3,534,-7.742577690651453,12.614880187407639,-8.477009882809046,-116.14741503948619,3.0811520913362505,0.39080459770114945,0.48793069601818695,0.0,False,True,-0.007426999962261196,0.010277476215266647,-0.0005003083505707995,-0.02016198198393805,0.009147723762222781,18.656012137730915,3.8400972206488437,20.177897453308105,6.005686521530151,22.007852792739868,0.0,0.0,0.0,0.0,0.0,0.0,0.0,0.0,0.0,0.0,7.438353288173675,2.8409937083009815,6.760844707489014,3.3627965450286865,16.71162223815918,630.2285507202148,384.8162755806445,549.5487365722656,151.5494384765625,2421.593017578125,0.8381157368421555,0.1935066918294858,0.8187626302242279,0.4054478406906128,1.2691175937652588,3.137844540178776,0.7107301289742531,3.104995608329773,1.9036146402359009,5.122398376464844
14,1522,11,2680.6075155735016,1536,101,960,0.36682179710189655,0.22926362318868534,10.0,10.0,15.22,52.20949722033336,11.0,2,534,-12.580817894935608,61.535835144976964,-8.699440777301788,-622.7500262260437,3.6767218708992004,15.22,52.20949722033336,11.0,2,534,-7.260256924966083,11.931611431426676,-8.307590102755643,-116.14741503948619,3.6318008303642273,0.42,0.49355850717012273,0.0,False,True,-0.00803500256919067,0.010358977668505125,-0.0010099349139060798,-0.02016198198393805,0.009147723762222781,18.474076294898985,4.0605368827002115,20.178571224212646,4.001431703567505,22.007852792739868,0.0,0.0,0.0,0.0,0.0,0.0,0.0,0.0,0.0,0.0,3.3126192884519696,2.72849038814851,3.046842098236084,-1.3055055141448975,18.33338165283203,659.5458978652954,341.48873353371965,573.4341735839844,221.0261688232422,2198.614013671875,0.6885113637894392,0.1775823211314134,0.6771806180477142,0.30529576539993286,1.1193658113479614,2.5971272960305214,0.5711275979939506,2.5924400091171265,1.574237585067749,4.1867499351501465
14,1500,12,3043.1155095100403,1664,115,1040,0.35309566172603607,0.22068478857877255,10.0,10.0,15.0,52.23734296458808,11.0,2,534,-12.31660733550787,61.570293783107765,-8.5782430768013,-622.7500262260437,3.6767218708992004,15.0,52.23734296458808,11.0,2,534,-7.008403724240898,11.995996003909465,-8.19636438105006,-116.14741503948619,3.6318008303642273,0.43,0.4950757517794625,0.0,False,True,-0.008481787087242967,0.010270099451932399,-0.004259067918785539,-0.02016198198393805,0.009147723762222781,18.12743894100189,4.364322047762485,20.171177983283997,4.001431703567505,21.965242862701416,0.0,0.0,0.0,0.0,0.0,0.0,0.0,0.0,0.0,0.0,5.057018618285656,2.354608500477148,4.824129819869995,1.5416640043258667,12.562638282775879,536.9202495574951,195.78063314509552,474.66429138183594,277.59466552734375,1036.688232421875,0.7690707571804524,0.18180505709972666,0.7674010992050171,0.2549888491630554,1.2660284042358398,2.935810235142708,0.6229268388407818,2.9176080226898193,1.380936622619629,4.792956829071045
17,1469,13,3428.2600960731506,1792,132,1120,0.33234272131986914,0.2077142008249182,10.0,10.0,14.69,52.27708771536532,10.0,2,534,-11.737996363341809,61.64610779105004,-8.31219670176506,-622.7500262260437,3.6767218708992004,14.69,52.27708771536532,10.0,2,534,-6.461515110254064,12.129819175332651,-7.941208030488495,-116.14741503948619,3.6318008303642273,0.48,0.4995998398718718,0.0,False,True,-0.00956436312713599,0.010350809186272743,-0.008912196450531332,-0.02029970108626114,0.009147723762222781,17.549266743659974,4.679220879396643,20.16027593612671,4.001431703567505,21.955227851867676,0.0,0.0,0.0,0.0,0.0,0.0,0.0,0.0,0.0,0.0,6.366102957725525,3.2965627952394807,5.792771339416504,2.059199810028076,21.707279205322266,735.2001668930054,491.8605870898551,610.9111633300781,183.83908081054688,2957.744140625,0.5744599880650639,0.15611214728691925,0.5651952922344208,0.18746952712535858,1.060844898223877,2.2797179564833643,0.4552496359256715,2.2564265727996826,1.2504689693450928,3.6328372955322266
14,906,14,3786.911853313446,1920,146,1200,0.35689215908188193,0.2230575994261762,10.0,10.0,9.06,2.8454173683310504,10.0,2,14,-4.8775276526808735,5.246587442230096,-3.834218293428421,-13.56658536195755,3.6767218708992004,9.06,2.8454173683310504,10.0,2,14,-4.7116937953786335,4.940418157717537,-3.911019648602067,-12.811653589875514,3.6318008303642273,0.53,0.49909918853871116,1.0,False,True,-0.010767775590600897,0.009967534030123874,-0.019695923045725684,-0.02029970108626114,0.004046674113286797,16.982359120845796,5.000197094772593,20.078927040100098,4.001431703567505,21.955227851867676,0.0,0.0,0.0,0.0,0.0,0.0,0.0,0.0,0.0,0.0,6.866733022034168,3.541827635804209,6.244852066040039,1.8069700002670288,24.516542434692383,626.7433544158936,398.1022218555036,533.8934326171875,214.0482635498047,2881.220458984375,0.6502901507541538,0.1455472891177888,0.6299819946289062,0.1872156709432602,1.081228256225586,2.3770173460245134,0.434650361236888,2.3095786571502686,1.2736035585403442,3.7376651763916016
15,886,15,4151.749633312225,2048,161,1280,0.350840858642513,0.21927553665157065,10.0,10.0,8.86,2.915544546049674,10.0,2,14,-4.703007645010948,5.337781725251785,-3.834218293428421,-13.56658536195755,3.6767218708992004,8.86,2.915544546049674,10.0,2,14,-4.539818517066317,5.033409518312995,-3.911019648602067,-12.811653589875514,3.6318008303642273,0.53,0.49909918853871116,1.0,False,True,-0.010781286611617908,0.009997389815218742,-0.019695923045725684,-0.02029970108626114,0.004046674113286797,16.66851430416107,5.1675855238187145,20.06105661392212,4.001431703567505,21.955227851867676,0.0,0.0,0.0,0.0,0.0,0.0,0.0,0.0,0.0,0.0,3.731670942902565,1.52510572142332,3.5709630250930786,0.9781033992767334,8.63950252532959,480.6621168136597,174.5188524361481,479.0772247314453,143.21461486816406,1164.072021484375,0.6218351021409034,0.16246938230884578,0.612322598695755,0.25180932879447937,1.0803265571594238,2.4968261659145354,0.577751630737282,2.442939281463623,1.471226453781128,4.507320404052734
17,863,16,4555.011204242706,2176,178,1360,0.3174118468681613,0.19838240429260084,10.0,10.0,8.63,2.958563840784917,10.0,2,14,-4.363930049836636,5.456974641216821,-2.7570390850305557,-13.56658536195755,3.6767218708992004,8.63,2.958563840784917,10.0,2,14,-4.216239152957792,5.147670528852125,-2.8786531508831206,-12.811653589875514,3.6318008303642273,0.56,0.4963869458396343,1.0,False,True,-0.011505866068789434,0.009868729952231536,-0.019792020955994125,-0.02029970108626114,0.004046674113286797,16.260921540260316,5.215723057383507,18.356539487838745,4.001431703567505,21.906107187271118,0.0,0.0,0.0,0.0,0.0,0.0,0.0,0.0,0.0,0.0,2.6720470116473733,2.1247276325113607,2.5983312129974365,-0.7487515211105347,9.230780601501465,442.42815113067627,199.22648673957957,404.120849609375,155.6157684326172,1160.747802734375,0.4873593091964722,0.11133909464030106,0.4855424016714096,0.23630785942077637,0.7976983189582825,2.0619572788476943,0.3069287522755592,2.024505138397217,1.322426676750183,2.9300122261047363
20,786,17,4975.551386594772,2304,198,1440,0.3043704391910914,0.19023152449443212,10.0,10.0,7.86,2.953032339816142,7.5,2,13,-3.0558165255188943,5.3273560056653695,-0.3585983067750931,-13.268862962722778,3.6707592606544495,7.86,2.953032339816142,7.5,2,13,-2.975316374778637,5.03585645366607,-0.5276742510933863,-12.551497880958426,3.625837914943695,0.66,0.4737087712930805,1.0,False,True,-0.013619334358771652,0.009241248105299964,-0.020001499629344797,-0.02029970108626114,0.004046674113286797,14.96162038564682,5.3113372082286725,14.121166944503784,4.029958963394165,21.906107187271118,0.0,0.0,0.0,0.0,0.0,0.0,0.0,0.0,0.0,0.0,5.210643293429166,3.1389198008254473,4.547354698181152,0.09675262123346329,14.749002456665039,587.1395792007446,325.64197760169833,487.6537780761719,180.0231475830078,1872.070068359375,0.33923312909901143,0.12101435277605885,0.3167095184326172,0.11514231562614441,0.8098986148834229,1.6060799419879914,0.2789858929849316,1.5683346390724182,1.1430960893630981,2.748551368713379
16,777,18,5369.728765964508,2432,214,1520,0.3247269039249887,0.20295431495311794,10.0,10.0,7.77,2.813734173656069,7.5,2,13,-2.7089651787281035,5.08602739717715,-0.5413772761821747,-13.268862962722778,3.6707592606544495,7.77,2.813734173656069,7.5,2,13,-2.6583564315982806,4.806207626108953,-0.7023790545894655,-12.551497880958426,3.625837914943695,0.7,0.45825756949558394,1.0,False,True,-0.014549202525229128,0.00889450734263269,-0.020032636003468683,-0.02029970108626114,0.00903712931761172,14.85635460615158,5.0679150746585675,14.11122977733612,4.029958963394165,21.906107187271118,0.0,0.0,0.0,0.0,0.0,0.0,0.0,0.0,0.0,0.0,3.7724441468715666,2.296086637153804,3.3114943504333496,-0.18323098123073578,11.23740291595459,496.8526029586792,228.1027428436251,438.40174865722656,154.79537963867188,1179.56298828125,0.5133479382842779,0.14574934764290629,0.5088539123535156,0.20236071944236755,0.8057424426078796,2.079810731112957,0.3963108651909751,2.0432236194610596,1.2996900081634521,3.0885872840881348
14,799,19,5725.228211641312,2560,228,1600,0.3600568202189802,0.22503551263686264,10.0,10.0,7.99,2.7946198310324792,8.0,2,13,-2.6209547859430313,4.7673273167728185,-0.8038755059242249,-13.268862962722778,3.6707592606544495,7.99,2.7946198310324792,8.0,2,13,-2.594860502796937,4.505329296872234,-0.9577102541527456,-12.551497880958426,3.625837914943695,0.74,0.4386342439892262,1.0,False,True,-0.015305904806208592,0.008489320868145198,-0.020056591259821246,-0.020267085053282327,0.00903712931761172,15.150950076580047,4.8905737885277105,15.699302315711975,4.029958963394165,21.841987371444702,0.0,0.0,0.0,0.0,0.0,0.0,0.0,0.0,0.0,0.0,0.4294979527592659,1.542683941654202,0.1504269391298294,-1.9949119091033936,5.712292194366455,345.657951259613,206.7614005852179,284.3167724609375,111.20158386230469,1182.082275390625,0.46752191707491875,0.1363110380200298,0.4571392089128494,0.22109678387641907,0.8510580658912659,1.985243482887745,0.39299651031659494,1.9302809238433838,1.3497854471206665,3.213524580001831
14,795,20,6085.819277763367,2688,242,1680,0.3549727434363939,0.22185796464774618,10.0,10.0,7.95,2.64338797757726,8.0,2,13,-2.4370072650909425,4.572159753112501,-0.8038755059242249,-13.268862962722778,3.6707592606544495,7.95,2.64338797757726,8.0,2,13,-2.4317448164914914,4.321020954442173,-0.9577102541527456,-12.551497880958426,3.625837914943695,0.77,0.4208325082500163,1.0,False,True,-0.015810675021482624,0.008293629328538518,-0.020054962076319703,-0.020267085053282327,0.010052506054587101,15.134833984375,4.696749872500997,15.52356219291687,4.029958963394165,21.894028902053833,0.0,0.0,0.0,0.0,0.0,0.0,0.0,0.0,0.0,0.0,4.963863980025053,2.6714042101506776,4.398131608963013,0.4776654839515686,18.966564178466797,560.1014736175537,305.9645669852656,462.31468200683594,202.80149841308594,1654.7034912109375,0.44619676657021046,0.1125653825619361,0.44585028290748596,0.1857500970363617,0.7014390826225281,1.8053532928228377,0.296883562191665,1.7633731961250305,1.2414590120315552,2.574058771133423
15,803,21,6465.384753227234,2816,257,1760,0.33722772031247344,0.2107673251952959,10.0,10.0,8.03,2.692415272575908,8.0,2,16,-2.1905056542158126,4.287051747320319,-0.7232584953308105,-13.268862962722778,3.6707592606544495,8.03,2.692415272575908,8.0,2,16,-2.2050639512934267,4.043673143533698,-0.8911940474124815,-12.551497880958426,3.625837914943695,0.8,0.39999999999999997,1.0,False,True,-0.016705313128951245,0.007227522660122413,-0.020052559383122996,-0.020267085053282327,0.010052506054587101,15.200138449668884,4.430698761749545,15.258714437484741,4.029958963394165,21.975370168685913,0.0,0.0,0.0,0.0,0.0,0.0,0.0,0.0,0.0,0.0,5.3603016003966335,2.3603838261787335,4.883763074874878,0.9460011720657349,13.968026161193848,515.8484159469605,220.22663519049695,445.1953582763672,185.34829711914062,1296.37841796875,0.4644138464704156,0.1147563027789517,0.45761366188526154,0.23236849904060364,0.8202568292617798,1.8780206590890884,0.2710783615200217,1.8659473061561584,1.3228416442871094,2.786073684692383
1,805,22,6509.68893456459,2944,258,1840,2.8891178244630487,1.8056986402894053,10.0,10.0,8.05,2.7069355367278325,8.0,2,16,-2.255888264775276,4.334006477755499,-0.7232584953308105,-13.268862962722778,3.6707592606544495,8.05,2.7069355367278325,8.0,2,16,-2.2650901365003886,4.087353266552052,-0.8911940474124815,-12.551497880958426,3.625837914943695,0.79,0.40730823708832603,1.0,False,True,-0.016554096239963692,0.0073126705050747046,-0.02005090140175276,-0.020267085053282327,0.010052506054587101,15.240283703804016,4.472129543272754,15.258714437484741,4.029958963394165,21.975370168685913,0.0,0.0,0.0,0.0,0.0,0.0,0.0,0.0,0.0,0.0,598.7898464202881,416.2068316546889,429.2984619140625,182.10958862304688,1727.1634521484375,12865.298250579834,11873.410716643086,7521.48681640625,561.641357421875,40725.58203125,0.38039660528302194,0.1616001522720589,0.33529092371463776,0.19830092787742615,0.8793558478355408,1.4944958940148354,0.27659859887971056,1.416368305683136,1.2236502170562744,2.4137091636657715
13,948,23,6842.4041657447815,3072,271,1920,0.38471337649907017,0.24044586031191884,10.0,10.0,9.48,11.734973370229692,8.0,2,123,-4.199058814644814,16.402872961776353,-1.0718879103660583,-161.24666392803192,3.6707592606544495,9.48,11.734973370229692,8.0,2,123,-3.5043941268627417,9.896337515990407,-1.228923744325177,-92.67254371222289,3.625837914943695,0.76,0.4270831300812525,1.0,False,True,-0.01591986301425539,0.007919646170694938,-0.020027933600094652,-0.020267085053282327,0.010052506054587101,15.649675300121308,4.416623295985107,15.699302315711975,4.029958963394165,21.975370168685913,0.0,0.0,0.0,0.0,0.0,0.0,0.0,0.0,0.0,0.0,28.53423588115256,43.996751738827626,9.811415672302246,-9.498807907104492,189.11883544921875,2304.975218963623,2198.7139959611454,1253.8217163085938,338.1847839355469,9686.3466796875,0.45057334285229445,0.14159978116500885,0.45085275173187256,0.1774047166109085,0.9616280198097229,1.9924663946032524,0.4200710745163565,1.9566910862922668,1.2832043170928955,3.6235878467559814
19,956,24,7254.211941957474,3200,290,2000,0.310824630795437,0.19426539424714812,10.0,10.0,9.56,11.734837024858932,8.0,3,123,-4.13562360137701,16.382210022016043,-1.1541812419891357,-161.24666392803192,3.500159204006195,9.56,11.734837024858932,8.0,3,123,-3.4475287047872065,9.86245532793143,-1.3224670696773049,-92.67254371222289,3.4097185428142547,0.77,0.4208325082500163,1.0,False,True,-0.016212591471995327,0.007640587108344343,-0.01997797144460571,-0.020267085053282327,0.010052506054587101,15.683811552524567,4.419172668617669,15.792737364768982,4.800845146179199,21.975370168685913,0.0,0.0,0.0,0.0,0.0,0.0,0.0,0.0,0.0,0.0,2.616698451736011,2.023467413622754,2.4546754360198975,-1.3681570291519165,9.579153060913086,503.18123588562014,226.29918107729543,458.29689025878906,112.4442138671875,1338.3507080078125,0.43176388666033744,0.12370314693635055,0.41891901195049286,0.21054013073444366,0.7394949197769165,1.8534400939941407,0.3474552127045184,1.7576169967651367,1.3033924102783203,2.8338143825531006
17,962,25,7641.064845561981,3328,307,2080,0.3308751176670982,0.20679694854193637,10.0,10.0,9.62,11.735229013530157,8.0,3,123,-4.113815071284771,16.38047342900416,-1.5105486512184143,-161.24666392803192,3.500159204006195,9.62,11.735229013530157,8.0,3,123,-3.428406042760876,9.858524982015613,-1.6660225856150643,-92.67254371222289,3.4097185428142547,0.78,0.41424630354415964,1.0,False,True,-0.016308728264961762,0.007444876353771606,-0.01995469088698778,-0.020204560801655752,0.010052506054587101,15.712630798816681,4.465623852516087,15.869905591011047,4.800845146179199,21.975370168685913,0.0,0.0,0.0,0.0,0.0,0.0,0.0,0.0,0.0,0.0,2.986148596741259,2.5957986237454813,2.304213762283325,-0.6503416895866394,10.122184753417969,404.18751392364504,212.16298329227928,355.2663116455078,95.03446960449219,1094.0718994140625,0.28405140021350234,0.11124025900896833,0.2751919627189636,0.023776942864060402,0.5168806910514832,1.518900963664055,0.24075913098345678,1.509110689163208,1.0253442525863647,2.0256941318511963
15,949,26,7987.617941617966,3456,322,2160,0.3693517716526821,0.23084485728292634,10.0,10.0,9.49,11.780912528323094,8.0,3,123,-4.042574970126152,16.498197911682514,-0.9209891259670258,-161.24666392803192,3.500159204006195,9.49,11.780912528323094,8.0,3,123,-3.3446530672522554,10.021042045952413,-1.083622033801626,-92.67254371222289,3.4097185428142547,0.78,0.41424630354415964,1.0,False,True,-0.0160283130004813,0.007894191258065592,-0.019937085427225262,-0.020204560801655752,0.010052506054587101,15.33951768398285,4.522801032029819,14.429652571678162,4.800845146179199,21.975370168685913,0.0,0.0,0.0,0.0,0.0,0.0,0.0,0.0,0.0,0.0,7.23284193277359,4.720103335855251,6.164265155792236,0.3670249581336975,23.723894119262695,683.2954242706298,370.1394420023413,618.1951599121094,173.6603240966797,2339.62255859375,0.28456330969929694,0.10722320527858897,0.29516835510730743,0.03698442131280899,0.5162431597709656,1.5489686086773873,0.31454753893607945,1.4927923083305359,1.0417543649673462,2.454991340637207
13,967,27,8339.108666181564,3584,335,2240,0.3641632369073788,0.22760202306711175,10.0,10.0,9.67,11.780539036903193,8.0,3,123,-5.0923277175426485,16.841665652047922,-1.156826987862587,-161.24666392803192,3.500159204006195,9.67,11.780539036903193,8.0,3,123,-4.314916266193891,10.558845456347116,-1.310671607096463,-92.67254371222289,3.4097185428142547,0.7,0.45825756949558394,1.0,False,True,-0.01458730884125462,0.008908396265501156,-0.019886871266692474,-0.020204560801655752,0.011688053105999269,15.660653748512267,4.625617362109839,15.146014213562012,4.800845146179199,21.975370168685913,0.0,0.0,0.0,0.0,0.0,0.0,0.0,0.0,0.0,0.0,26.259635853767396,13.92886255930033,24.944183349609375,6.9213056564331055,71.99590301513672,1156.5269397735597,521.9044256357099,1026.1087951660156,430.5928649902344,2846.2509765625,0.4586587958037853,0.13050364954143373,0.4392234534025192,0.1453947275876999,0.8586180210113525,2.2008773148059846,0.5170683232447943,2.1427536010742188,1.1868566274642944,4.0085906982421875
11,989,28,8621.335864305496,3712,346,2320,0.4535353107385225,0.28345956921157656,10.0,10.0,9.89,12.11354200884283,8.0,3,123,-5.021271070837974,16.85902922879849,-0.6791316717863083,-161.24666392803192,3.500159204006195,9.89,12.11354200884283,8.0,3,123,-4.238818142232853,10.575531556871562,-0.8464753720395084,-92.67254371222289,3.4097185428142547,0.71,0.4537620521815371,1.0,False,True,-0.014906467505058562,0.008628594330740117,-0.01988124564182621,-0.020204560801655752,0.011688053105999269,15.544269955158233,4.5372434303273295,14.357667207717896,4.800845146179199,21.84575128555298,0.0,0.0,0.0,0.0,0.0,0.0,0.0,0.0,0.0,0.0,3.641862807236612,2.13416259332591,3.364910125732422,-0.7238511443138123,9.061479568481445,497.5230646133423,221.71717790564622,460.93104553222656,178.9043426513672,1504.9400634765625,0.40046869274228813,0.11444244942157918,0.4013126939535141,0.14847642183303833,0.7415152192115784,1.6959843754768371,0.26596746922288883,1.6479787826538086,1.1898937225341797,2.5941951274871826
14,887,29,8990.799686908722,3840,360,2400,0.34644799346825805,0.21652999591766128,10.0,10.0,8.87,4.182475343621287,8.0,1,38,-4.045185628533363,6.520317507047196,-1.098419427871704,-28.4178546667099,3.500159204006195,8.87,4.182475343621287,8.0,1,38,-3.9281693926973396,6.122855743998115,-1.2672293700963166,-26.555536589715633,3.4097185428142547,0.68,0.46647615158762396,1.0,False,True,-0.014253769303785165,0.009075068279098458,-0.019864840554392874,-0.02010864695030136,0.011688053105999269,15.674601953029633,4.69852308841219,16.005532383918762,2.0155365467071533,21.878247022628784,0.0,0.0,0.0,0.0,0.0,0.0,0.0,0.0,0.0,0.0,5.424163945019245,3.6199403761681896,4.63157320022583,0.6374313235282898,21.202241897583008,630.3401573181152,345.93725564175986,530.8230895996094,209.61941528320312,1953.435791015625,0.23703827774152159,0.07645314666991178,0.23421742767095566,0.04766301065683365,0.4126780331134796,1.3687804609537124,0.14776487657626605,1.3517971634864807,1.0521374940872192,1.724586844444275
